birth_unm49,mean_claims,median_claims,head_ratio,count,head,long
Australia and New Zealand,45.36,40.0,0.8537142857142858,875,747,128
Caribbean,36.886925795053,31.0,0.7279151943462897,283,206,77
Central America,34.15977175463623,29.0,0.6718972895863052,701,471,230
Central Asia,24.809364548494983,18.0,0.411371237458194,299,123,176
Eastern Africa,31.666666666666668,27.0,0.6296296296296297,108,68,40
Eastern Asia,38.285376561972306,32.0,0.7642688280986153,2961,2263,698
Eastern Europe,37.64644189936945,32.0,0.721593102560803,31084,22430,8654
Middle Africa,31.844036697247706,29.0,0.6605504587155964,109,72,37
Northern Africa,42.10374331550802,35.0,0.7807486631016043,935,730,205
Northern America,45.40249779758512,39.0,0.819557444162305,19297,15815,3482
Northern Europe,53.43234693877551,44.0,0.8713265306122449,9800,8539,1261
South America,31.56792616094606,27.0,0.6227285837900202,3467,2159,1308
South-eastern Asia,29.93220338983051,25.0,0.594632768361582,708,421,287
Southern Africa,43.567567567567565,35.0,0.7777777777777778,333,259,74
Southern Asia,40.06858846918489,32.0,0.7206759443339961,1006,725,281
Southern Europe,39.27171169486772,34.0,0.7872768065812845,21394,16843,4551
Western Africa,25.42365269461078,19.0,0.4041916167664671,668,270,398
Western Asia,34.603242581829306,29.0,0.6788008565310493,3269,2219,1050
Western Europe,44.15680688969857,37.0,0.8688307386551838,60380,52460,7920
