entity,P27
Q42,Q145
Q272,Q142
Q410,Q30
Q448,Q70972
Q502,Q142
Q504,Q142
Q504,Q145
Q535,Q142
Q535,Q31
Q535,Q145
Q563,Q142
Q651,Q183
Q651,Q159631
Q835,Q34266
Q835,Q15180
Q892,Q145
Q905,Q533534
Q905,Q33946
Q920,Q29999
Q927,Q29999
Q984,Q408
Q991,Q159
Q991,Q34266
Q1064,Q12548
Q1064,Q131964
Q1064,Q172579
Q1276,Q16
Q1316,Q149805
Q1316,Q3041595
Q1316,Q3108185
Q1316,Q796
Q1379,Q30
Q1403,Q172579
Q1512,Q174193
Q1512,Q145
Q1646,Q142
Q2754,Q42585
Q2754,Q33946
Q2754,Q213
Q2754,Q533534
Q2908,Q142
Q3102,Q161885
Q3816,Q142
Q4025,Q30
Q4128,Q142
Q4137,Q34266
Q4137,Q142
Q4247,Q142
Q4247,Q23366230
Q4247,Q39
Q4302,Q142
Q4487,Q96
Q4731,Q408
Q4731,Q145
Q4985,Q30
Q5673,Q756617
Q5673,Q62651
Q5682,Q217196
Q5686,Q174193
Q5686,Q145
Q5878,Q739
Q5879,Q155570
Q6050,Q142
Q6512,Q756617
Q6515,Q145
Q6519,Q40
Q6527,Q23366230
Q6527,Q142
Q6538,Q216173
Q6538,Q183
Q6882,Q27
Q6882,Q145
Q6882,Q142
Q6950,Q30
Q7176,Q127861
Q7176,Q370173
Q7176,Q124943
Q7176,Q3087763
Q7176,Q170468
Q7176,Q79
Q7197,Q142
Q7199,Q142
Q7200,Q34266
Q7241,Q129286
Q7243,Q34266
Q7245,Q30
Q7345,Q30
Q7724,Q34
Q7728,Q172579
Q7841,Q142
Q7934,Q30
Q8312,Q30
Q8998,Q148
Q9327,Q142
Q9364,Q142
Q9711,Q142
Q10731,Q30
Q12706,Q34266
Q12706,Q15180
Q12773,Q28
Q12807,Q38
Q12807,Q172579
Q12881,Q155
Q12903,Q17
Q13012,Q155
Q13914,Q16
Q14063,Q31
Q14105,Q30
Q15809,Q533534
Q15809,Q15102440
Q15975,Q70972
Q16285,Q77
Q16297,Q16
Q16297,Q30
Q16400,Q145
Q16400,Q148
Q16400,Q174193
Q16867,Q30
Q16873,Q77
Q16873,Q29
Q18143,Q148
Q18143,Q142
Q18227,Q30
Q18349,Q17
Q18391,Q30
Q18391,Q203493
Q18391,Q600018
Q18391,Q801
Q18391,Q223050
Q18404,Q142
Q18445,Q30
Q18456,Q131964
Q18456,Q533534
Q18914,Q884
Q19330,Q30
Q19526,Q30
Q20733,Q142
Q22665,Q17
Q22670,Q2227570
Q22670,Q315667
Q22714,Q153015
Q23114,Q8733
Q23114,Q13426199
Q23434,Q30
Q23441,Q142
Q23685,Q30
Q24261,Q30
Q24632,Q30
Q24632,Q145
Q25120,Q172579
Q25120,Q38
Q25161,Q20
Q25161,Q145
Q25885,Q756617
Q25973,Q43287
Q25973,Q39
Q25973,Q183
Q25973,Q34266
Q26116,Q30
Q26412,Q15180
Q26412,Q159
Q26993,Q27306
Q26993,Q26167
Q28480,Q801
Q28480,Q533534
Q28494,Q27306
Q28494,Q34266
Q29344,Q30
Q29621,Q30
Q30875,Q174193
Q30875,Q27
Q30875,Q145
Q30875,Q142
Q31215,Q28513
Q31215,Q191077
Q31215,Q83286
Q31220,Q12548
Q31231,Q30
Q31984,Q30
Q32529,Q38
Q32661,Q145
Q33055,Q142
Q33476,Q142
Q33977,Q142
Q34190,Q161885
Q34190,Q145
Q34474,Q2305208
Q34474,Q15180
Q34474,Q159
Q34474,Q223050
Q34660,Q145
Q34670,Q142
Q34743,Q145
Q34743,Q174193
Q34782,Q30
Q34970,Q145
Q34981,Q2305208
Q34981,Q30
Q35064,Q145
Q35064,Q174193
Q35155,Q30
Q35610,Q174193
Q35610,Q145
Q36184,Q174193
Q36184,Q27
Q36322,Q174193
Q36322,Q161885
Q36591,Q34266
Q36591,Q30
Q36951,Q28
Q37030,Q1206012
Q37030,Q33946
Q37030,Q30
Q37060,Q45
Q37327,Q27
Q37327,Q142
Q38049,Q183
Q38049,Q218
Q38082,Q174193
Q38337,Q142
Q38392,Q30
Q38849,Q17
Q38849,Q188712
Q39212,Q30
Q39803,Q419
Q39803,Q29
Q39803,Q786
Q39829,Q30
Q39987,Q30
Q40479,Q145
Q40826,Q20
Q40874,Q145
Q40874,Q174193
Q40909,Q145
Q40909,Q174193
Q40909,Q145
Q40946,Q179876
Q40946,Q161885
Q40946,Q145
Q41042,Q145
Q41130,Q96
Q41166,Q215530
Q41223,Q34266
Q41223,Q15180
Q41488,Q1033
Q41502,Q34266
Q41502,Q36
Q41590,Q203493
Q41590,Q842794
Q41590,Q30
Q42037,Q142
Q42037,Q1027
Q42398,Q34266
Q42398,Q15180
Q42443,Q142
Q42511,Q174193
Q42511,Q145
Q42544,Q179876
Q42747,Q183
Q42831,Q34266
Q43227,Q145
Q43293,Q258
Q43293,Q408
Q43444,Q142
Q43523,Q27306
Q43523,Q41304
Q43730,Q39
Q43730,Q142
Q43736,Q17
Q44183,Q145
Q44219,Q30
Q44306,Q145
Q44306,Q30
Q44306,Q668
Q44331,Q131964
Q44331,Q533534
Q44331,Q40
Q44336,Q40
Q44490,Q174193
Q44519,Q34
Q44520,Q174193
Q44540,Q183
Q44540,Q30
Q44593,Q754
Q44593,Q145
Q45124,Q34266
Q45124,Q15180
Q45221,Q183
Q45765,Q30
Q46248,Q145
Q46599,Q34266
Q47087,Q145
Q47152,Q174193
Q47152,Q161885
Q47152,Q145
Q47162,Q142
Q47243,Q40
Q47293,Q183
Q47293,Q30
Q47484,Q142
Q47561,Q83286
Q47561,Q533534
Q47561,Q15102440
Q47561,Q191077
Q47561,Q718374
Q47619,Q258
Q47755,Q28
Q47755,Q183
Q48559,Q183
Q48559,Q79
Q76003,Q183
Q76189,Q145
Q76189,Q1206012
Q76258,Q183
Q76370,Q183
Q76409,Q183
Q76409,Q30
Q76480,Q183
Q76483,Q183
Q76483,Q40
Q76483,Q28513
Q76487,Q27306
Q76492,Q158445
Q76534,Q41304
Q76534,Q30
Q76534,Q16957
Q76534,Q183
Q76539,Q183
Q76546,Q43287
Q76546,Q41304
Q76546,Q7318
Q76546,Q2415901
Q76546,Q713750
Q76546,Q183
Q76632,Q27306
Q76699,Q183
Q76755,Q27306
Q76949,Q26234937
Q76949,Q146885
Q76949,Q858
Q76949,Q713750
Q76949,Q183
Q76949,Q858
Q77037,Q183
Q77037,Q159
Q77079,Q12548
Q77079,Q154195
Q77087,Q43287
Q77087,Q41304
Q77087,Q7318
Q77087,Q30
Q77204,Q27306
Q77206,Q183
Q77208,Q183
Q77208,Q713750
Q77208,Q36
Q77226,Q43287
Q77226,Q41304
Q77226,Q7318
Q77226,Q16957
Q77319,Q183
Q77319,Q225
Q77489,Q183
Q77489,Q30
Q77489,Q43287
Q77489,Q41304
Q77497,Q183
Q77549,Q183
Q77549,Q786
Q77728,Q183
Q77733,Q183
Q77751,Q183
Q77753,Q183
Q78003,Q183
Q78386,Q183
Q78487,Q40
Q78491,Q533534
Q78491,Q40
Q78494,Q28513
Q78494,Q145
Q78494,Q40
Q78494,Q28
Q78511,Q40
Q78644,Q1045
Q78644,Q40
Q79025,Q161885
Q79025,Q145
Q79089,Q40
Q79153,Q30
Q79904,Q30
Q80064,Q145
Q80064,Q219
Q80095,Q17
Q80095,Q188712
Q80137,Q174193
Q80321,Q189
Q80596,Q30
Q80889,Q20
Q80900,Q30
Q81071,Q30
Q81438,Q30
Q81447,Q145
Q81685,Q142
Q81731,Q17
Q81796,Q145
Q81796,Q174193
Q82006,Q174193
Q82032,Q145
Q82032,Q142
Q82075,Q145
Q82104,Q145
Q82217,Q30
Q82248,Q145
Q82248,Q174193
Q82349,Q30
Q82925,Q34266
Q82925,Q174193
Q82925,Q145
Q82925,Q207272
Q82925,Q36
Q82925,Q212
Q83059,Q30
Q83158,Q142
Q83321,Q4948
Q83566,Q30
Q83566,Q298
Q84011,Q16
Q85361,Q183
Q85463,Q40
Q85590,Q28513
Q85590,Q33946
Q85590,Q7318
Q85756,Q27306
Q86232,Q40
Q86407,Q183
Q86407,Q1206012
Q86487,Q30
Q86487,Q40
Q86983,Q131964
Q86983,Q533534
Q86994,Q183
Q87120,Q30
Q87487,Q153015
Q88252,Q183
Q88252,Q33946
Q88984,Q40
Q89261,Q40
Q89265,Q40
Q89560,Q40
Q89891,Q30
Q89891,Q40
Q89992,Q183
Q90009,Q40
Q90217,Q40
Q90238,Q174193
Q90238,Q145
Q90459,Q183
Q90929,Q183
Q91059,Q183
Q91059,Q30
Q91288,Q183
Q91288,Q36
Q91589,Q156199
Q92129,Q183
Q92162,Q183
Q92162,Q16957
Q92562,Q142
Q92775,Q145
Q92849,Q30
Q93166,Q142
Q93166,Q213
Q93166,Q33946
Q93166,Q223050
Q49001,Q30
Q49017,Q145
Q49061,Q30
Q49065,Q30
Q49072,Q30
Q49478,Q142
Q49637,Q142
Q49767,Q142
Q50038,Q17
Q50713,Q142
Q50764,Q142
Q51107,Q142
Q51513,Q40
Q51513,Q533534
Q51513,Q183
Q52045,Q183
Q52255,Q16
Q52255,Q27
Q53672,Q145
Q54543,Q30
Q54545,Q30
Q54545,Q33946
Q54545,Q213
Q55211,Q794
Q55211,Q142
Q55428,Q27
Q55767,Q34
Q55773,Q668
Q55773,Q129286
Q55773,Q1775277
Q55993,Q17
Q57236,Q704300
Q57236,Q183
Q57239,Q27306
Q57277,Q183
Q57307,
Q57382,Q183
Q57382,Q16957
Q57387,Q980
Q57387,Q713750
Q57387,Q183
Q57389,Q183
Q57389,Q142
Q57389,Q36
Q57393,Q16957
Q57393,Q1206012
Q57477,Q183
Q57477,Q40
Q57629,Q27306
Q57629,Q218
Q58057,Q16957
Q58057,Q41304
Q58057,Q43287
Q58612,Q183
Q58612,Q801
Q58811,Q27306
Q58836,Q183
Q58836,Q39
Q59076,Q142
Q59152,Q30
Q59441,Q30
Q59896,Q145
Q60369,Q183
Q60647,Q326029
Q60753,Q183
Q60785,Q183
Q60785,Q39
Q60851,Q183
Q60851,Q39
Q60953,Q183
Q60953,Q39
Q60955,Q183
Q61198,Q145
Q61220,Q183
Q61522,Q408
Q61601,Q27306
Q61627,Q183
Q61629,Q183
Q62365,Q183
Q62559,Q183
Q62559,Q218
Q62753,Q16957
Q62753,Q183
Q62892,Q183
Q62892,Q16957
Q62950,Q630163
Q63011,Q183
Q63837,Q713750
Q64069,Q30
Q64248,Q183
Q64397,Q30
Q64397,Q183
Q64577,Q183
Q64577,Q7318
Q64577,Q713750
Q65504,Q183
Q66207,Q27306
Q66207,Q39
Q66213,Q183
Q66248,Q183
Q66426,Q183
Q66950,Q183
Q67423,Q183
Q67504,Q183
Q68036,Q183
Q69139,Q183
Q69339,Q30
Q69973,Q183
Q70988,Q27306
Q71309,Q183
Q71378,Q183
Q71618,Q39
Q71618,Q16957
Q71618,Q183
Q71624,Q183
Q71640,Q183
Q71640,Q16957
Q71714,Q183
Q71714,Q30
Q72334,Q30
Q72541,Q29
Q72653,Q30
Q72705,Q183
Q72705,Q145
Q72833,Q183
Q72867,Q145
Q72867,Q30
Q73176,Q27
Q73418,Q27
Q73506,Q27
Q74465,Q27306
Q75059,Q142
Q75612,Q30
Q75612,Q36
Q75612,Q34266
Q75649,Q183
Q75733,Q183
Q75868,Q16957
Q75889,Q159631
Q93343,Q174193
Q93343,Q161885
Q93343,Q223936
Q93343,Q39
Q93354,Q30
Q93450,Q40
Q93450,Q801
Q93450,Q193714
Q93514,Q40
Q93525,Q131964
Q93525,Q533534
Q93620,Q30
Q93718,
Q93797,Q40
Q93959,Q40
Q94186,Q40
Q94273,Q40
Q94280,Q30
Q94480,Q40
Q95207,Q183
Q95231,Q16957
Q95443,Q183
Q95443,Q16957
Q96087,Q183
Q96087,Q218
Q96426,Q183
Q96426,Q16957
Q96453,Q27306
Q96688,Q183
Q96817,Q183
Q96817,Q16957
Q96912,Q183
Q97142,Q183
Q97477,Q183
Q98444,Q27306
Q98444,Q1206012
Q98929,Q183
Q100035,Q183
Q101529,Q183
Q101529,Q801
Q101529,Q165763
Q101638,Q161885
Q101871,Q408
Q101878,Q183
Q102034,Q145
Q102513,Q30
Q102669,Q183
Q102852,Q183
Q103035,Q183
Q103114,Q142
Q103797,Q183
Q104081,Q30
Q105118,Q30
Q105163,Q27306
Q105167,Q30
Q105756,Q30
Q105994,Q183
Q106018,Q183
Q106073,Q183
Q106083,Q183
Q106083,Q15180
Q106285,Q183
Q106366,Q183
Q106465,Q30
Q106606,Q183
Q106740,Q145
Q106740,Q174193
Q106795,Q183
Q107002,Q145
Q108206,Q179876
Q108206,Q145
Q108611,Q27306
Q108611,Q1206012
Q108941,Q30
Q110197,Q183
Q110506,Q183
Q111619,Q145
Q111673,Q183
Q111673,Q30
Q112169,Q183
Q112391,Q40
Q113233,Q30
Q113265,Q20
Q113433,Q40
Q113554,Q30
Q113681,Q174193
Q113964,Q40
Q113974,Q40
Q114509,Q30
Q115243,Q822
Q115243,Q142
Q115483,Q39
Q115674,Q30
Q115683,Q145
Q115754,Q142
Q115754,Q39
Q116055,Q39
Q116055,Q739
Q116133,Q145
Q116133,Q174193
Q116258,Q39
Q116258,Q142
Q116288,Q884
Q116692,Q30
Q117425,Q30
Q117455,Q39
Q117455,Q29
Q117664,Q39
Q117913,Q142
Q118057,Q27306
Q118969,Q30
Q118973,Q39
Q119101,Q183
Q119142,Q145
Q119358,Q183
Q119563,Q298
Q120085,Q30
Q120432,Q30
Q120578,Q30
Q120946,Q39
Q121060,Q161885
Q121060,Q145
Q121180,Q34266
Q121180,Q207272
Q121778,Q30
Q121778,Q148
Q121899,Q30
Q122020,Q30
Q122358,Q39
Q122370,Q39
Q122591,Q142
Q122644,Q30
Q122743,Q183
Q122939,Q183
Q123053,Q39
Q123080,Q39
Q123080,Q142
Q123117,Q39
Q123269,Q183
Q123283,Q39
Q123332,Q39
Q123386,Q170072
Q123386,Q39
Q123389,Q39
Q123389,Q142
Q123392,Q30
Q123402,Q39
Q123421,Q39
Q123469,Q30
Q123491,Q39
Q123740,Q39
Q123740,Q142
Q123867,Q142
Q123867,Q70972
Q124262,Q39
Q124262,Q218
Q124372,Q39
Q124527,Q30
Q124633,Q30
Q124735,Q145
Q124847,Q23366230
Q124847,Q39
Q125175,Q39
Q125364,Q183
Q125484,Q183
Q125598,Q39
Q125780,Q43
Q125780,Q183
Q125970,Q17
Q126029,Q183
Q126377,Q34
Q126687,Q183
Q126941,Q30
Q127079,Q30
Q127332,Q174193
Q127539,Q142
Q128560,Q145
Q128653,Q17
Q128653,Q188712
Q128714,Q28
Q128790,Q31
Q128837,Q258
Q129187,Q408
Q129371,Q30
Q129478,Q30
Q129851,Q31
Q130141,Q28
Q130385,Q17
Q130779,Q30
Q130780,Q145
Q130786,Q15180
Q130786,Q145
Q131018,Q142
Q131018,Q70972
Q131326,Q34
Q131333,Q174193
Q131487,Q756617
Q131549,Q142
Q132111,Q17
Q132111,Q188712
Q132138,Q174193
Q132138,Q161885
Q132162,Q30
Q132524,Q34266
Q132524,Q15180
Q132524,Q30
Q132524,Q139319
Q132524,Q2184
Q132524,Q223050
Q132589,Q29
Q132695,Q34
Q132723,Q33
Q132723,Q62633
Q132805,Q145
Q133042,Q43287
Q133042,Q41304
Q133042,Q193714
Q133042,Q801
Q133042,Q28
Q133054,Q30
Q133562,Q30
Q133869,Q29
Q134180,Q30
Q134262,Q30
Q134456,Q17
Q134477,Q30
Q134798,Q17
Q134898,Q224
Q134942,Q145
Q134942,Q174193
Q134942,Q142
Q137679,Q30
Q137819,Q142
Q138882,Q664
Q139348,Q30
Q139506,Q145
Q139506,Q174193
Q139739,Q145
Q140052,Q145
Q140193,Q30
Q140201,Q145
Q141649,Q30
Q142106,Q145
Q142106,Q174193
Q142383,Q30
Q142444,Q17
Q142590,Q668
Q142590,Q129286
Q142590,Q1775277
Q144090,Q30
Q144391,Q129286
Q144391,Q668
Q144391,Q1775277
Q144439,Q36
Q144439,Q34266
Q146763,Q30
Q148234,Q30
Q149489,Q30
Q149499,Q16
Q150471,Q27306
Q150943,Q30
Q151164,Q142
Q151403,Q174193
Q151403,Q22
Q151403,Q161885
Q151720,Q148
Q151720,Q30
Q151820,Q142
Q151872,Q801
Q152513,Q30
Q152690,Q27
Q152824,Q30
Q152843,Q145
Q153177,Q16
Q153248,Q142
Q153670,Q38
Q153670,Q172579
Q153701,Q30
Q154691,Q96
Q154756,Q38
Q154756,Q172579
Q154756,Q38
Q155087,Q30
Q155106,Q29
Q155286,Q408
Q155845,Q2046345
Q155845,Q1033
Q155855,Q533534
Q155855,Q33946
Q157004,Q29
Q157271,Q164079
Q157271,Q706018
Q157303,Q142
Q157322,Q142
Q157322,Q34266
Q157322,Q207272
Q157326,Q29
Q157970,Q131964
Q158060,Q30
Q158060,Q117
Q158394,Q29999
Q158878,Q30
Q158997,Q30
Q159552,Q756617
Q159876,Q142
Q159876,Q219
Q160219,Q30
Q160263,Q801
Q160534,Q30
Q160783,Q142
Q161819,Q145
Q161842,Q191
Q161842,Q15180
Q161955,Q142
Q162136,Q756617
Q162511,Q30
Q162740,Q403
Q162740,Q83286
Q162740,Q838261
Q162740,Q37024
Q162778,Q790
Q162917,Q142
Q163069,Q145
Q163118,Q142
Q163118,Q30
Q163118,Q31
Q163557,Q213
Q163747,Q40
Q164401,Q16
Q164401,Q30
Q164967,Q419
Q165357,Q213
Q165801,Q145
Q166351,Q30
Q166590,Q414
Q167289,Q30
Q167768,Q174193
Q167821,Q30
Q167856,Q30
Q168004,Q154195
Q168040,Q31
Q168269,Q30
Q168431,Q38
Q168431,Q172579
Q168441,Q142
Q168441,Q34266
Q169566,Q30
Q170509,Q30
Q170509,Q174193
Q170512,Q1747689
Q171091,Q30
Q171202,Q20732380
Q171672,Q298
Q171672,Q29
Q171730,Q142
Q172140,Q30
Q172684,Q174193
Q172684,Q145
Q173540,Q30
Q174152,Q129286
Q174181,Q145
Q174204,Q408
Q175204,Q29
Q175205,Q30
Q175392,Q117
Q176049,Q30
Q176246,Q142
Q176405,Q241
Q176405,Q30
Q176558,Q30
Q176579,Q17
Q176668,Q403
Q176668,Q83286
Q176668,Q838261
Q176668,Q37024
Q176736,Q38
Q176736,Q172579
Q176896,Q16
Q176909,Q30
Q177300,Q142
Q177411,Q142
Q177565,Q142
Q178100,Q27
Q178225,Q27
Q178403,Q145
Q178602,Q145
Q179059,Q145
Q179059,Q174193
Q179065,Q241
Q179463,Q17
Q179680,Q142
Q179695,Q222
Q179695,Q142
Q179695,Q1246
Q180038,Q142
Q180223,Q30
Q180251,Q30
Q180339,Q4948
Q180339,Q145
Q180373,Q30
Q180377,Q30
Q180626,Q148
Q180626,Q1054923
Q180680,Q145
Q180903,Q17
Q180962,Q30
Q181034,Q30
Q181082,Q30
Q181573,Q15180
Q181573,Q159
Q181659,Q30
Q181667,Q30
Q181677,Q30
Q181716,Q30
Q181730,Q408
Q181799,Q30
Q181917,Q145
Q181920,Q30
Q182047,Q145
Q182658,Q30
Q182788,Q30
Q182870,Q30
Q182874,Q8733
Q182934,Q408
Q183007,Q170072
Q183167,Q145
Q183492,Q16
Q183713,Q142
Q184440,Q155
Q184535,Q34266
Q184535,Q34
Q184622,Q142
Q184785,Q30
Q185085,Q29
Q185333,Q766
Q185406,Q30
Q185548,Q20
Q185636,Q1041
Q185696,Q30
Q185714,Q30
Q185735,Q30
Q185743,Q34
Q185860,Q408
Q186221,Q142
Q186273,Q188712
Q186273,Q17
Q186326,Q17
Q186335,Q30
Q186630,Q414
Q186779,Q142
Q187019,Q30
Q187085,Q145
Q187324,Q30
Q187331,Q30
Q187424,Q16
Q187765,Q30
Q188093,Q30
Q188117,Q30
Q188176,Q30
Q188286,Q30
Q188388,Q668
Q188388,Q30
Q188440,Q30
Q188569,Q174193
Q188569,Q161885
Q188838,Q414
Q188848,Q414
Q188987,Q30
Q188987,Q16
Q189042,Q155
Q189119,Q145
Q189119,Q174193
Q189642,Q30
Q189869,Q29
Q190220,Q145
Q190379,Q145
Q191023,Q145
Q191023,Q174193
Q191305,Q142
Q191716,Q30
Q192069,Q145
Q192279,Q34266
Q192279,Q139319
Q192279,Q142
Q192279,Q15180
Q192331,Q34266
Q192668,Q408
Q192912,Q145
Q192912,Q40
Q193111,Q33
Q193111,Q62633
Q193116,Q30
Q193156,Q30
Q193357,Q145
Q193608,Q30
Q193660,Q836676
Q196773,Q801
Q197155,Q30
Q197155,Q865
Q197155,Q148
Q198025,Q148
Q198621,Q142
Q198644,Q142
Q199228,Q142
Q199588,Q172579
Q199588,Q154849
Q199588,Q2268597
Q199588,Q165154
Q199644,Q155
Q200661,Q96
Q201315,Q29
Q201433,Q408
Q201579,Q28
Q201580,Q17
Q201580,Q188712
Q201732,Q145
Q201858,Q30
Q201862,Q30
Q202122,Q30
Q202355,Q29999
Q202693,Q20
Q203460,Q30
Q203533,Q28
Q203533,Q38
Q203623,Q155
Q204168,Q30
Q204426,Q145
Q204868,Q34266
Q204868,Q15180
Q205111,Q30
Q205739,Q145
Q206022,Q30
Q206534,Q30
Q207036,Q145
Q207356,Q30
Q207515,Q174193
Q207515,Q145
Q207515,Q30
Q207544,Q30
Q207640,Q30
Q207676,Q30
Q208101,Q30
Q208117,Q30
Q208685,Q145
Q208869,Q30
Q209004,Q34266
Q209004,Q159
Q209641,Q145
Q209641,Q27
Q210059,Q145
Q210669,Q145
Q210669,Q25
Q210669,Q142
Q210740,Q174193
Q210741,Q145
Q210798,Q142
Q211029,Q30
Q211039,Q756617
Q211542,Q33
Q211566,Q30
Q211785,Q34266
Q211893,Q27
Q212097,Q30
Q212476,Q142
Q212575,Q34266
Q212632,Q34266
Q212632,Q15180
Q212632,Q2184
Q212727,Q30
Q212801,Q668
Q213482,Q38
Q213482,Q172579
Q213549,Q704300
Q213614,Q142
Q213806,Q30
Q213997,Q34266
Q213997,Q2305208
Q213997,Q15180
Q214042,Q28
Q214042,Q1206012
Q214565,Q145
Q214622,Q41
Q214623,Q28
Q214642,Q30
Q214660,Q145
Q214677,Q30
Q214798,Q30
Q215436,Q30
Q215868,Q30
Q216098,Q145
Q216127,Q183
Q216134,Q30
Q216143,Q28
Q216195,Q30
Q216266,Q142
Q216398,Q145
Q216466,Q241
Q216466,Q142
Q216478,Q172579
Q216478,Q28513
Q216692,Q20
Q216692,Q756617
Q216896,Q30
Q216904,Q33
Q216904,Q34266
Q217110,Q30
Q217388,Q142
Q217470,Q34266
Q217495,Q27
Q217495,Q145
Q217557,Q30
Q217619,Q145
Q218001,Q30
Q218679,Q142
Q218690,Q142
Q218698,Q174193
Q218960,Q161885
Q219124,Q96
Q219377,Q30
Q219607,Q172579
Q219622,Q142
Q219646,Q29
Q219780,Q30
Q219784,Q174193
Q219784,Q145
Q219829,Q30
Q219862,Q30
Q219910,Q142
Q220018,Q241
Q220018,Q30
Q220018,Q142
Q220078,Q145
Q220480,Q30
Q220512,Q31
Q220864,Q96
Q220883,Q30
Q220980,Q29
Q221771,Q29
Q221843,Q30
Q221917,Q30
Q221957,Q17
Q221957,Q188712
Q222509,Q408
Q222708,Q30
Q222744,Q419
Q222791,Q38
Q222791,Q172579
Q224029,Q142
Q224113,Q30
Q225089,Q30
Q225554,Q756617
Q227099,Q34266
Q227099,Q142
Q227108,Q241
Q227108,Q142
Q227108,Q29
Q227113,Q145
Q227137,Q258
Q227395,Q39
Q227395,Q28
Q228546,Q142
Q228589,Q668
Q228624,Q30
Q228638,Q408
Q228755,Q30
Q228801,Q408
Q228901,Q408
Q228901,Q145
Q229002,Q142
Q229226,Q174193
Q229369,Q30
Q229403,Q27
Q229480,Q30
Q229840,Q30
Q229996,Q30
Q230141,Q1033
Q230299,Q30
Q230476,Q30
Q230586,Q96
Q230591,Q30
Q230598,Q784
Q231121,Q17
Q231270,Q30
Q231320,Q34
Q231356,Q30
Q231424,Q30
Q231460,Q30
Q231467,Q30
Q231736,Q30
Q231841,Q30
Q231886,Q179876
Q231944,Q161885
Q231944,Q174193
Q232109,Q30
Q232113,Q756617
Q232113,Q142
Q232212,Q30
Q232212,Q145
Q232260,Q145
Q232359,Q145
Q232417,Q145
Q232772,Q145
Q233033,Q30
Q233046,Q30
Q233046,Q27
Q233207,Q96
Q233207,Q145
Q233424,Q30
Q233510,Q30
Q233566,Q30
Q233584,Q145
Q233891,Q30
Q233898,Q30
Q233911,Q30
Q233911,Q884
Q233953,Q33
Q233956,Q145
Q234030,Q30
Q234255,Q30
Q234289,Q12560
Q234289,Q43
Q234324,Q30
Q234392,Q664
Q234403,Q30
Q234443,Q30
Q234519,Q145
Q234530,Q145
Q234530,Q28
Q234570,Q174193
Q234579,Q30
Q234621,Q38
Q234663,Q29
Q234700,Q30
Q234718,Q145
Q234721,Q30
Q234819,Q16
Q234865,Q30
Q234928,Q30
Q234989,Q30
Q234992,Q30
Q235014,Q145
Q235308,Q27
Q235354,Q145
Q235354,Q258
Q235364,Q30
Q235364,Q794
Q235403,Q29
Q235515,Q30
Q235615,Q30
Q235644,Q174193
Q235644,Q161885
Q235665,Q174193
Q235665,Q145
Q235731,Q142
Q235759,Q145
Q235759,Q30
Q235759,Q1206012
Q235899,Q30
Q235955,Q133356
Q235955,Q155
Q235965,Q145
Q236236,Q215530
Q236236,Q27
Q236236,Q145
Q236309,Q145
Q236321,Q30
Q236482,Q16
Q236482,Q1054923
Q236669,Q145
Q236684,Q17
Q236727,Q30
Q236829,Q145
Q236848,Q30
Q236848,Q145
Q236916,Q43
Q236950,Q30
Q236958,Q30
Q236993,Q29
Q237087,Q142
Q237090,Q142
Q237095,Q142
Q237106,Q142
Q237196,Q174193
Q237235,Q145
Q237242,Q145
Q237413,Q34
Q237416,Q1290149
Q237416,Q83286
Q237416,Q224
Q237416,Q29999
Q237420,Q30
Q237420,Q39
Q237514,Q30
Q237555,Q145
Q237560,Q30
Q237575,Q174193
Q237602,Q145
Q237639,Q145
Q237684,Q142
Q237684,Q16
Q237687,Q145
Q237703,Q34
Q237833,Q29
Q237948,Q17
Q238124,Q30
Q238140,Q30
Q238295,Q145
Q238331,Q30
Q238438,Q30
Q238514,Q124943
Q238514,Q3087763
Q238514,Q170468
Q238514,Q79
Q238702,Q145
Q238817,Q30
Q238823,Q30
Q238970,Q17
Q239307,Q145
Q239652,Q15180
Q239652,Q159
Q239656,Q884
Q239739,Q30
Q239910,Q30
Q239911,Q145
Q239923,Q30
Q239934,Q30
Q239944,Q30
Q240212,Q145
Q240253,Q30
Q240515,Q30
Q240547,Q30
Q240647,Q145
Q240786,Q16
Q241098,Q142
Q241215,Q664
Q241248,Q43
Q241398,Q30
Q241470,Q28
Q241583,Q30
Q241615,Q16
Q241714,Q30
Q241903,Q30
Q242095,Q38
Q242095,Q172579
Q242130,Q33946
Q242130,Q213
Q242162,Q30
Q242166,Q34
Q242351,Q33946
Q242351,Q40
Q242351,Q30
Q242351,Q213
Q242423,Q36
Q242526,Q142
Q242530,Q30
Q242571,Q145
Q242613,Q30
Q242643,Q30
Q242796,Q145
Q242956,Q30
Q243027,Q30
Q243066,Q34
Q244390,Q30
Q244997,Q155
Q245257,Q30
Q245787,Q15180
Q245787,Q217
Q246303,Q30
Q246617,Q28
Q246617,Q218
Q246722,Q15180
Q246722,Q159
Q246953,Q174193
Q247473,Q174193
Q247526,Q155
Q248244,Q17
Q248244,Q188712
Q248867,Q30
Q249164,Q142
Q249197,Q145
Q249496,Q30
Q249544,Q145
Q249544,Q16
Q249544,Q174193
Q249686,Q145
Q250539,Q30
Q250637,Q189
Q251038,Q145
Q251123,Q739
Q251215,Q29
Q252017,Q739
Q252017,Q29
Q252049,Q29
Q252307,Q408
Q252307,Q174193
Q252776,Q30
Q252896,Q30
Q253453,Q142
Q253926,Q30
Q253998,Q191
Q253998,Q15180
Q254032,Q36
Q254215,Q145
Q254240,Q145
Q254524,Q34266
Q254524,Q36
Q254635,Q145
Q254820,Q30
Q255339,Q30
Q255359,Q20
Q255862,Q30
Q256177,Q17
Q256177,Q188712
Q256257,Q145
Q256763,Q20
Q256789,Q20
Q256821,Q408
Q256959,Q30
Q257121,Q30
Q257261,Q30
Q257723,Q30
Q258001,Q174193
Q258001,Q145
Q258096,Q30
Q258431,Q145
Q258586,Q145
Q258669,Q145
Q258741,Q145
Q258753,Q794
Q258753,Q30
Q258897,Q142
Q259096,Q30
Q259200,Q27
Q259217,Q30
Q259364,Q30
Q259530,Q174193
Q259530,Q161885
Q259543,Q30
Q259653,Q30
Q259888,Q30
Q259956,Q16
Q259956,Q30
Q259979,Q142
Q260006,Q70972
Q260011,Q408
Q260026,Q145
Q260054,Q30
Q260262,Q145
Q260262,Q174193
Q260560,Q30
Q260670,Q145
Q260730,Q30
Q260879,Q30
Q260893,Q155
Q260893,Q29
Q260982,Q145
Q261054,Q145
Q261066,Q30
Q261397,Q96
Q261397,Q142
Q261521,Q145
Q261627,Q179876
Q261962,Q145
Q261981,Q145
Q262170,Q30
Q262253,Q189
Q262274,Q145
Q262479,Q30
Q262561,Q30
Q262565,Q20
Q262712,Q30
Q262816,
Q262850,Q34266
Q262850,Q15180
Q262962,Q756617
Q262997,Q30
Q263201,Q142
Q263213,Q142
Q263254,Q174193
Q263552,Q155
Q263599,Q145
Q263613,Q664
Q263648,Q145
Q263807,Q794
Q263997,Q34266
Q264247,Q17
Q264247,Q188712
Q264283,Q30
Q264730,Q30
Q265270,Q30
Q265603,Q145
Q265756,Q145
Q265792,Q30
Q265796,Q756617
Q266073,Q29
Q266173,Q30
Q266187,Q30
Q266205,Q145
Q266337,Q142
Q266368,Q30
Q266802,Q30
Q266816,Q419
Q266947,Q30
Q266959,Q30
Q266984,Q17
Q267186,Q30
Q267242,Q34
Q267356,Q145
Q267356,Q27
Q267441,Q30
Q267542,Q142
Q267691,Q30
Q267698,Q33
Q267746,Q17
Q267746,Q188712
Q267748,Q145
Q267769,Q28
Q267769,Q30
Q267962,Q142
Q268024,Q145
Q268147,Q30
Q268181,Q30
Q268254,Q30
Q268371,Q30
Q268466,Q30
Q268495,Q129286
Q268495,Q1775277
Q268495,Q668
Q268582,Q29
Q268755,Q30
Q268829,Q16
Q268829,Q30
Q269123,Q29
Q269129,Q30
Q269927,Q30
Q269982,Q145
Q269992,Q881
Q269992,Q142
Q270070,Q38
Q270199,Q30
Q270204,Q16
Q270204,Q766
Q270487,Q145
Q270601,Q811
Q270601,Q792
Q270617,Q142
Q270635,Q30
Q270641,Q30
Q270643,Q30
Q270648,Q145
Q270715,Q30
Q270739,Q43
Q271111,Q145
Q271423,Q30
Q271423,Q38
Q271448,Q145
Q271457,Q34266
Q271457,Q15180
Q271494,Q20
Q271824,Q145
Q271825,Q756617
Q271895,Q17
Q271931,Q30
Q271961,Q161885
Q271961,Q174193
Q271961,Q145
Q271973,Q30
Q272076,Q30
Q272088,Q30
Q272163,Q739
Q272194,Q145
Q272492,Q30
Q272550,Q145
Q272585,Q145
Q272610,Q30
Q272622,Q145
Q272638,Q30
Q272706,Q145
Q272748,Q145
Q272767,Q30
Q272794,Q30
Q272811,Q30
Q272855,Q145
Q272855,Q17
Q272861,Q30
Q273001,Q30
Q273007,Q17
Q273034,Q16
Q273077,Q30
Q273105,Q30
Q273156,Q298
Q273156,Q142
Q273170,Q145
Q273196,Q16
Q273200,Q142
Q273207,Q145
Q273207,Q27
Q273207,Q408
Q273210,Q30
Q273210,Q142
Q273266,Q408
Q273311,Q145
Q273385,Q30
Q273400,Q145
Q273406,Q145
Q273448,Q145
Q273448,Q174193
Q273453,Q145
Q273677,Q30
Q273712,Q30
Q273730,Q30
Q273799,Q145
Q273843,Q30
Q273873,Q30
Q273911,Q30
Q273938,Q30
Q273950,Q34
Q274003,Q17
Q274003,Q188712
Q274016,Q30
Q274090,Q159
Q274144,Q30
Q274219,Q30
Q274296,Q30
Q274319,Q142
Q274324,Q36
Q274324,Q34266
Q274348,Q29
Q274404,Q38
Q274500,Q145
Q274708,Q30
Q274730,Q408
Q274766,Q36
Q274933,Q142
Q274941,Q30
Q275012,Q30
Q275092,Q145
Q275146,Q129286
Q275146,Q668
Q275146,Q1775277
Q275172,Q30
Q275175,Q221457
Q275175,Q207272
Q275175,Q36
Q275328,Q30
Q275367,Q174193
Q275392,Q145
Q275563,Q30
Q275601,Q30
Q275602,Q30
Q275633,Q664
Q275648,Q298
Q275707,Q30
Q275719,Q30
Q275908,Q189
Q275929,Q29
Q275955,Q30
Q275979,Q38
Q275979,Q172579
Q276028,Q30
Q276028,Q174193
Q276028,Q145
Q276032,Q30
Q276260,Q17
Q276260,Q188712
Q276304,Q16
Q276304,Q30
Q276332,Q17
Q276332,Q188712
Q276355,Q30
Q276375,Q96
Q276421,Q30
Q276472,Q145
Q276607,Q145
Q276782,Q17
Q276817,Q30
Q277308,Q30
Q278510,Q30
Q278543,Q30
Q278573,Q408
Q278862,Q145
Q278872,Q145
Q278917,Q27
Q278924,Q30
Q278953,Q30
Q279305,Q145
Q279361,Q30
Q279550,Q30
Q279973,Q17
Q279987,Q17
Q279987,Q188712
Q280001,Q30
Q280556,Q145
Q280556,Q174193
Q280730,Q30
Q280730,Q16
Q281036,Q145
Q281501,Q28
Q282859,Q17
Q282859,Q188712
Q283094,Q30
Q283267,Q668
Q283267,Q129286
Q283267,Q1775277
Q283353,Q80702
Q283408,Q15180
Q283408,Q159
Q283408,Q801
Q283496,Q30
Q283531,Q145
Q283531,Q174193
Q283659,Q30
Q283964,Q155
Q284171,Q756617
Q284287,Q30
Q284560,Q414
Q285007,Q30
Q285084,Q17
Q285876,Q30
Q286116,Q30
Q286475,Q142
Q286701,Q17
Q287189,Q29
Q287460,Q145
Q287644,Q17
Q287679,Q145
Q287679,Q174193
Q287713,Q30
Q287752,Q30
Q287762,Q28
Q287828,Q142
Q287828,Q31
Q287876,Q30
Q287898,Q30
Q287898,Q241
Q288198,Q30
Q288306,Q145
Q288501,Q155
Q288627,Q145
Q288721,Q145
Q288769,Q129286
Q288916,Q30
Q289032,Q142
Q289054,Q142
Q289377,Q43
Q289501,Q34
Q289812,Q30
Q289947,Q145
Q289990,Q145
Q290021,Q17
Q290070,Q142
Q290143,Q822
Q290220,Q1049
Q290261,Q756617
Q290306,Q794
Q290306,Q30
Q290502,Q77
Q290502,Q29
Q290633,Q30
Q290686,Q30
Q291016,Q28
Q291016,Q15102440
Q291016,Q191077
Q291016,Q153128
Q291016,Q83286
Q291025,Q30
Q291285,Q30
Q291397,Q29
Q291672,Q17
Q291774,Q30
Q291779,Q30
Q291806,Q145
Q291890,Q30
Q292071,Q30
Q292175,Q30
Q292223,Q145
Q292423,Q30
Q293028,Q30
Q293141,Q30
Q293236,Q16
Q293259,Q17
Q293279,Q30
Q294321,Q30
Q294625,Q30
Q294992,Q142
Q294999,Q16
Q295015,Q142
Q295406,Q30
Q295431,Q145
Q295589,Q38
Q295941,Q161885
Q295941,Q179876
Q296069,Q30
Q296069,Q912
Q296256,Q30
Q296299,Q668
Q296609,Q145
Q296752,Q29
Q297504,Q12560
Q297510,Q1009
Q297510,Q142
Q297538,Q30
Q297542,Q30
Q297736,Q15180
Q297736,Q159
Q297752,Q16
Q297758,Q34266
Q297758,Q142
Q297770,Q142
Q297770,Q218
Q297794,Q142
Q297881,Q142
Q298025,Q30
Q298051,Q142
Q298152,Q174193
Q298152,Q8680
Q298221,Q30
Q298224,Q117
Q298229,Q30
Q298234,Q30
Q298242,Q30
Q298334,Q408
Q298358,Q16
Q298358,Q142
Q298394,Q142
Q298417,Q145
Q298651,Q30
Q298703,Q30
Q298761,Q145
Q298827,Q142
Q298938,Q77
Q299161,Q29
Q299347,Q20
Q299539,Q145
Q299545,Q30
Q299871,Q161885
Q299871,Q179876
Q299933,Q30
Q299965,Q30
Q301106,Q664
Q301372,Q30
Q301632,Q30
Q302296,Q31
Q302315,Q30
Q302433,Q145
Q302768,Q30
Q302910,Q114
Q304874,Q30
Q305051,Q145
Q305051,Q174193
Q305402,Q408
Q305523,Q17
Q305907,Q183
Q305907,Q796
Q305909,Q794
Q307988,Q1028
Q308021,Q142
Q308021,Q2017684
Q308021,Q948
Q309702,Q142
Q309716,Q142
Q309759,Q174193
Q309768,Q29
Q309768,Q142
Q309786,Q209857
Q309786,Q172579
Q309850,Q30
Q309903,Q161885
Q309974,Q142
Q310048,Q30
Q310111,Q145
Q310111,Q30
Q310176,Q145
Q310257,Q30
Q310379,Q30
Q310464,Q30
Q310562,Q83286
Q310562,Q191077
Q310630,Q219
Q311001,Q29
Q311005,Q142
Q311145,Q155
Q311167,Q29
Q311253,Q30
Q311401,Q717
Q311476,Q34
Q311480,Q142
Q311526,Q174193
Q311591,Q30
Q311592,Q796
Q311671,Q30
Q311684,Q16
Q311744,Q30
Q311755,Q30
Q311854,Q142
Q312242,Q30
Q312242,Q32
Q312405,Q30
Q312407,Q30
Q312579,Q145
Q312632,Q30
Q312637,Q38
Q312637,Q172579
Q312641,Q30
Q312720,Q30
Q312747,Q29
Q312829,Q174193
Q312851,Q30
Q312853,Q30
Q312995,Q30
Q313001,Q145
Q313007,Q145
Q313038,Q30
Q313077,Q27
Q313185,Q30
Q313193,Q30
Q313246,Q30
Q313254,Q408
Q313289,Q145
Q313377,Q30
Q313461,Q210198
Q313461,Q34266
Q313466,Q30
Q313489,Q145
Q313509,Q142
Q313589,Q801
Q313593,Q16
Q313673,Q145
Q313727,Q145
Q313739,Q30
Q313767,Q34266
Q313767,Q15180
Q313767,Q212
Q313981,Q145
Q314158,Q145
Q314179,Q43
Q314215,Q30
Q314256,Q30
Q314416,Q145
Q314553,Q30
Q314787,Q843
Q314787,Q145
Q314787,Q129286
Q314843,Q30
Q314897,Q145
Q314929,Q145
Q314957,Q142
Q314963,Q142
Q314969,Q30
Q314969,Q142
Q314972,Q142
Q314987,Q142
Q314993,Q142
Q315003,Q142
Q315017,Q794
Q315024,Q241
Q315059,Q16
Q315059,Q30
Q315069,Q30
Q315072,Q142
Q315136,Q191077
Q315136,Q684030
Q315136,Q241748
Q315147,Q34266
Q315147,Q139319
Q315147,Q2305208
Q315147,Q15180
Q315167,Q148
Q315185,Q15180
Q315185,Q159
Q315220,Q142
Q315343,Q30
Q315362,Q1033
Q315362,Q145
Q315380,Q30
Q315509,Q179876
Q315509,Q145
Q315683,Q30
Q315949,Q142
Q316048,Q145
Q316138,Q145
Q316213,Q17
Q316213,Q188712
Q316217,Q17
Q316217,Q188712
Q316313,Q30
Q316327,Q45670
Q316381,Q34
Q316431,Q30
Q316607,Q30
Q316610,Q30
Q316616,Q29
Q316788,Q30
Q316802,Q408
Q316802,Q30
Q316806,Q45670
Q316884,Q29
Q317142,Q38
Q317142,Q172579
Q317160,Q174193
Q317160,Q145
Q317200,Q45670
Q317491,Q30
Q317631,Q30
Q317685,Q17
Q317877,Q145
Q317877,Q924
Q318026,Q142
Q318099,Q30
Q318212,Q17
Q318212,Q188712
Q318297,Q30
Q318390,Q45
Q318390,Q45670
Q318391,Q142
Q318399,Q174193
Q318412,Q16
Q318431,Q145
Q318440,Q142
Q318462,Q174193
Q318487,Q30
Q318525,Q414
Q318845,Q30
Q318860,Q30
Q319169,Q145
Q319196,Q145
Q319261,Q142
Q319447,Q36
Q319447,Q30
Q319461,Q43
Q319461,Q12560
Q319746,Q30
Q319820,Q30
Q319829,Q30
Q320352,Q408
Q320358,Q16
Q320497,Q668
Q320507,Q145
Q320507,Q174193
Q320573,Q30
Q320664,Q30
Q320884,Q30
Q321066,Q971
Q321071,Q30
Q321123,Q30
Q321126,Q30
Q321372,Q15180
Q321372,Q230
Q321731,Q30
Q321917,Q30
Q322060,Q16
Q322718,Q63158027
Q322718,Q107258515
Q322859,Q30
Q322871,Q145
Q322871,Q174193
Q322900,Q174193
Q323166,Q30
Q323344,Q1045
Q323353,Q30
Q323419,Q30
Q323553,Q142
Q323626,Q28
Q323985,Q29999
Q324060,Q30
Q324134,Q145
Q324283,Q414
Q324321,Q971
Q324321,Q142
Q324944,Q142
Q325130,Q30
Q325308,Q38
Q325308,Q172579
Q325422,Q30
Q325664,Q30
Q325936,Q145
Q326138,Q142
Q326176,Q30
Q326459,Q34266
Q326459,Q159
Q326773,Q30
Q326935,Q252
Q326987,Q17
Q326987,Q188712
Q327079,Q145
Q327079,Q117
Q327142,Q43
Q327186,Q145
Q327204,Q155
Q327261,Q43
Q327261,Q12560
Q327278,Q30
Q327500,Q408
Q327526,Q408
Q327711,Q30
Q327958,Q145
Q327958,Q174193
Q328212,Q30
Q328338,Q30
Q328550,Q30
Q328627,Q30
Q328745,Q145
Q328765,Q12560
Q328765,Q370173
Q328765,Q124943
Q328765,Q3087763
Q328765,Q170468
Q328765,Q79
Q328949,Q30
Q329066,Q31
Q329743,Q30
Q329814,Q145
Q329820,Q20
Q329854,Q30
Q329999,Q145
Q329999,Q174193
Q330301,Q34266
Q330323,Q174193
Q330376,Q30
Q330527,Q30
Q331339,Q17
Q331339,Q188712
Q331593,Q145
Q331845,Q34
Q332216,Q155
Q332580,Q174193
Q332612,Q174193
Q332689,Q142
Q332975,Q17
Q333004,Q145
Q333123,Q30
Q333246,Q30
Q333251,Q30
Q333575,Q145
Q333615,Q142
Q333632,Q155
Q333653,Q29
Q333719,Q145
Q334086,Q8733
Q334086,Q13426199
Q334086,Q865
Q334219,Q38
Q334252,Q129286
Q334252,Q668
Q334252,Q1775277
Q334646,Q145
Q334711,Q80702
Q334958,Q142
Q334989,Q1028
Q334989,Q142
Q335080,Q17
Q335232,Q30
Q335436,Q457242
Q335436,Q1028
Q336010,Q142
Q336018,Q145
Q336081,Q30
Q336093,Q794
Q336125,Q668
Q336151,Q30
Q336352,Q145
Q336467,Q142
Q336519,Q30
Q336565,Q408
Q336681,Q17
Q336689,Q30
Q336881,Q145
Q337103,Q30
Q337351,Q30
Q337355,Q145
Q337375,Q145
Q338153,Q174193
Q338153,Q161885
Q339050,Q1033
Q339196,Q408
Q339577,Q30
Q339611,Q30
Q339670,Q17
Q340016,Q30
Q340550,Q30
Q343215,Q17
Q343215,Q188712
Q343382,Q30
Q343487,Q218
Q343554,Q30
Q344080,Q145
Q344080,Q30
Q344179,Q218
Q344616,Q30
Q344955,Q30
Q345104,Q145
Q345104,Q38
Q345104,Q174193
Q345104,Q172579
Q345764,Q30
Q345845,Q96
Q345845,Q190025
Q345845,Q774
Q346490,Q30
Q346729,Q30
Q346790,Q155
Q346805,Q30
Q347412,Q17
Q347412,Q188712
Q347461,Q30
Q347734,Q221
Q347767,Q36
Q347890,Q30
Q347912,Q145
Q347912,Q174193
Q348115,Q30
Q348117,Q43
Q348497,Q34266
Q348497,Q15180
Q348623,Q33
Q348623,Q62633
Q348916,Q145
Q348941,Q30
Q348979,Q30
Q349123,Q30
Q349306,Q30
Q349619,Q145
Q349692,Q30
Q350094,Q30
Q350153,Q30
Q350165,Q145
Q350364,Q30
Q350404,Q30
Q350666,Q30
Q350708,Q145
Q350734,Q145
Q351069,Q145
Q351168,Q145
Q351221,Q408
Q351221,Q258
Q351222,Q36
Q351317,Q664
Q351547,Q30
Q351683,Q1290149
Q351683,Q391980
Q351683,Q172579
Q351683,Q533534
Q352023,Q30
Q352059,Q30
Q352107,Q30
Q352325,Q30
Q352337,Q1033
Q352346,Q30
Q352528,Q174193
Q352561,Q17
Q352708,Q30
Q352729,Q145
Q352963,Q30
Q353137,Q30
Q353144,Q145
Q353144,Q174193
Q353238,Q174193
Q353762,Q29
Q353774,Q30
Q353857,Q142
Q353857,Q41
Q353869,Q30
Q353876,Q142
Q353882,Q142
Q353893,Q30
Q353897,Q30
Q353898,Q16
Q353898,Q30
Q353915,Q30
Q354149,Q16
Q354755,Q38
Q354755,Q172579
Q354783,Q30
Q354888,Q30
Q355438,Q145
Q355531,Q30
Q355676,Q96
Q355879,Q30
Q356156,Q30
Q356283,Q161885
Q356357,Q145
Q356428,Q27
Q356428,Q145
Q356429,Q30
Q356537,Q142
Q356546,Q29
Q356546,Q183
Q356546,Q96
Q356546,Q142
Q356639,Q145
Q356843,Q38
Q356918,Q29
Q356960,Q17
Q357065,Q30
Q357102,Q30
Q357108,Q30
Q357114,Q30
Q357120,Q145
Q357715,Q414
Q357811,Q189
Q357839,Q30
Q357929,Q145
Q357970,Q953
Q357970,Q258
Q357970,Q145
Q358178,Q145
Q358188,Q30
Q358312,Q30
Q358345,Q30
Q358491,Q142
Q358615,Q30
Q358669,Q79
Q359226,Q30
Q359451,Q155
Q359463,Q16
Q359463,Q30
Q359498,Q145
Q359513,Q145
Q359548,Q30
Q359665,Q145
Q361004,Q142
Q361026,Q161885
Q361026,Q174193
Q361149,Q30
Q361478,Q16
Q361562,Q2046345
Q361562,Q5440850
Q361562,Q1033
Q361617,Q30
Q361653,Q30
Q361976,Q142
Q362638,Q298
Q362638,Q30
Q362930,Q30
Q363227,Q30
Q363810,Q30
Q364153,Q29999
Q364189,Q30
Q364901,Q145
Q365664,Q30
Q365682,Q30
Q366091,Q29999
Q366150,Q30
Q366243,Q30
Q366250,Q155
Q366266,Q30
Q366281,Q756617
Q366281,Q20
Q366575,Q30
Q366643,Q30
Q366930,Q29
Q367102,Q30
Q367729,Q142
Q367848,Q145
Q368127,Q38
Q368224,Q30
Q368263,Q30
Q368455,Q34266
Q368455,Q15180
Q368519,Q174193
Q368831,Q145
Q368866,Q145
Q369206,
Q369469,Q145
Q369469,Q16
Q369612,Q403
Q369612,Q37024
Q369612,Q838261
Q369612,Q83286
Q369612,Q1290149
Q369612,Q1277557
Q369612,Q191077
Q369612,Q15102440
Q369632,Q30
Q369696,Q219060
Q369696,Q193714
Q369790,Q174193
Q369957,Q40
Q369957,Q843
Q369957,Q129286
Q370246,Q756617
Q370377,Q30
Q370441,Q30
Q370521,Q30
Q370851,Q145
Q370860,Q30
Q370921,Q754
Q370921,Q30
Q370973,Q27
Q371011,Q145
Q371080,Q17
Q371925,Q38
Q371925,Q172579
Q371930,Q30
Q372035,Q954
Q372182,Q145
Q372313,Q29
Q372533,Q27
Q372737,Q30
Q372969,Q30
Q373150,Q408
Q373541,Q258
Q373552,Q242
Q373836,Q30
Q373897,Q30
Q373897,Q142
Q374401,Q30
Q374462,Q174193
Q374540,Q30
Q374817,Q17
Q376071,Q30
Q376499,Q17
Q376501,Q31
Q376678,Q79
Q376678,Q12560
Q376859,Q30
Q377424,Q30
Q377881,Q129286
Q377992,Q30
Q378098,Q30
Q378116,Q142
Q378240,Q31
Q378309,Q34266
Q378309,Q15180
Q378425,Q17
Q378639,Q38
Q378639,Q172579
Q378807,Q145
Q378878,Q30
Q379125,Q974
Q379520,Q148
Q379595,Q12560
Q379595,Q43
Q379679,Q29999
Q379745,Q155
Q379762,Q668
Q379855,Q43
Q379895,Q30
Q379923,Q142
Q379943,Q142
Q379949,Q142
Q379956,Q142
Q379960,Q1028
Q380000,Q34266
Q380000,Q15180
Q380000,Q159
Q380150,Q33
Q380202,Q30
Q380229,Q145
Q380265,Q17
Q380277,Q142
Q380439,Q30
Q380439,Q36
Q380439,Q801
Q380439,Q34266
Q380465,Q17
Q380545,Q172107
Q380545,Q36
Q380645,Q30
Q380784,Q30
Q380983,Q145
Q381086,Q189
Q381254,Q107258515
Q381254,Q794
Q381254,Q29999
Q381443,Q20
Q381656,Q30
Q381732,Q30
Q381800,Q142
Q382068,Q17
Q382068,Q188712
Q382101,Q1029
Q434635,Q155
Q434695,Q30
Q434735,Q145
Q434785,Q408
Q434892,Q414
Q435056,Q30
Q435058,Q17
Q435062,Q17
Q435085,Q17
Q435085,Q188712
Q435126,Q145
Q435262,Q145
Q435278,Q30
Q435326,Q30
Q435401,Q145
Q435401,Q174193
Q435434,Q30
Q435585,Q142
Q435615,Q30
Q435902,Q30
Q435920,Q30
Q436082,Q30
Q436241,Q733
Q436581,Q30
Q436664,Q30
Q436712,Q145
Q436712,Q408
Q436801,Q145
Q437088,Q30
Q437121,Q145
Q437123,Q30
Q437174,Q29
Q437184,Q174193
Q437184,Q145
Q437224,Q145
Q437321,Q16
Q437335,Q30
Q437335,Q36
Q437356,Q174193
Q437356,Q145
Q437370,Q30
Q437516,Q145
Q437567,Q29
Q437687,Q30
Q437718,Q145
Q437771,Q29999
Q437811,Q17
Q437811,Q188712
Q438024,Q30
Q438164,Q30
Q438241,Q30
Q438260,Q822
Q438260,Q142
Q438330,Q16
Q438330,Q145
Q438345,Q30
Q438558,Q30
Q438569,Q145
Q438686,Q794
Q439059,Q145
Q439059,Q174193
Q439226,Q30
Q439292,Q30
Q440100,Q30
Q440146,Q30
Q440185,Q30
Q440391,Q38
Q440528,Q145
Q440528,Q142
Q440569,Q30
Q440612,Q30
Q440744,Q30
Q440744,Q145
Q440793,Q30
Q440877,Q30
Q441056,Q408
Q441067,Q30
Q441146,Q145
Q441214,Q30
Q441290,Q17
Q441290,Q188712
Q441494,Q145
Q441515,Q30
Q441603,Q30
Q441726,Q145
Q441757,Q174193
Q441757,Q30
Q441757,Q161885
Q441793,Q145
Q441949,Q155
Q441952,Q38
Q441990,Q30
Q442003,Q145
Q442103,Q34
Q442121,Q1206012
Q442130,Q30
Q442258,Q30
Q442330,Q145
Q442474,Q30
Q442549,Q30
Q442549,Q142
Q442569,Q142
Q442679,Q30
Q442829,Q414
Q442902,Q174193
Q442902,Q161885
Q443008,Q30
Q443042,Q145
Q443055,Q145
Q443109,Q30
Q443132,Q30
Q443235,Q30
Q443306,Q30
Q443325,Q30
Q443398,Q408
Q443398,Q174193
Q443403,Q29
Q443404,Q1008
Q443404,Q142
Q443462,Q30
Q443528,Q145
Q443567,Q145
Q443591,Q16
Q443655,Q174193
Q443681,Q30
Q443726,Q45
Q443820,Q16
Q443830,Q30
Q443868,Q20
Q444016,Q30
Q444168,Q79
Q444230,Q858
Q444362,Q145
Q444362,Q30
Q444486,Q145
Q444486,Q174193
Q444697,Q145
Q444730,Q30
Q444806,Q30
Q444849,Q30
Q444867,Q145
Q444995,Q30
Q445346,Q145
Q445429,Q145
Q445429,Q174193
Q445556,Q258
Q445776,Q79
Q445839,Q17
Q445839,Q188712
Q445919,Q145
Q445930,Q30
Q446121,Q30
Q446209,Q30
Q446396,Q664
Q446483,Q30
Q446517,Q30
Q446517,Q145
Q446518,Q30
Q446597,Q756617
Q446605,Q145
Q446627,Q30
Q446687,Q16
Q446747,Q145
Q446879,Q29999
Q446899,Q30
Q446899,Q881
Q446941,Q16
Q446943,Q145
Q446973,Q30
Q447019,Q30
Q447025,Q16
Q447073,Q17
Q447190,Q29999
Q447240,Q145
Q447244,Q30
Q447268,Q145
Q447268,Q174193
Q447284,Q30
Q447367,Q15180
Q447404,Q30
Q447507,Q142
Q447519,Q145
Q447630,Q145
Q447630,Q174193
Q447850,Q30
Q447902,Q419
Q447902,Q30
Q448143,Q34266
Q448241,Q30
Q448246,Q145
Q448425,Q30
Q448545,Q30
Q448707,Q17
Q448736,Q30
Q448767,Q30
Q448776,Q30
Q449028,Q145
Q449028,Q174193
Q449085,Q145
Q449136,Q174193
Q449234,Q30
Q449279,Q30
Q449451,Q142
Q449473,Q17
Q449489,Q174193
Q449542,Q30
Q449640,Q142
Q449797,Q30
Q449801,Q38
Q449818,Q17
Q449818,Q188712
Q450243,Q786
Q450243,Q30
Q450335,Q29
Q450346,Q30
Q450346,Q790
Q450376,Q954
Q450446,Q145
Q450455,Q408
Q450610,Q174193
Q450690,Q414
Q450737,Q30
Q450796,Q30
Q450802,Q145
Q450845,Q30
Q450868,Q30
Q450875,Q414
Q450913,Q45
Q450913,Q77
Q450923,Q16
Q451009,Q30
Q451058,Q17
Q451136,Q30
Q451379,Q30
Q452145,Q30
Q452206,Q30
Q452249,Q30
Q452282,Q16
Q452299,Q912
Q452400,Q30
Q452404,Q30
Q452722,Q30
Q452742,Q142
Q452761,Q30
Q452860,Q117
Q452963,Q30
Q453011,Q34
Q453231,Q30
Q453251,Q30
Q453288,Q142
Q453288,Q30
Q453288,Q145
Q453329,Q30
Q453377,Q17
Q453384,Q30
Q453410,Q145
Q453410,Q174193
Q453427,Q30
Q453434,Q30
Q453537,Q15180
Q453537,Q159
Q453537,Q30
Q453614,Q38
Q453614,Q241
Q453614,Q172579
Q453665,Q30
Q453835,Q30
Q453908,Q142
Q453908,Q30
Q453932,Q145
Q453983,Q408
Q454420,Q30
Q454595,Q145
Q454595,Q30
Q454686,Q408
Q454734,Q145
Q454836,Q30
Q454888,Q17
Q454888,Q188712
Q454920,Q30
Q454937,Q30
Q455120,Q155
Q455228,Q145
Q455286,Q258
Q455286,Q963
Q455410,Q20
Q455495,Q145
Q455510,Q30
Q455529,Q30
Q455558,Q145
Q455571,Q174193
Q455571,Q161885
Q455574,Q30
Q455652,Q17
Q455703,Q155
Q455776,Q30
Q455780,Q30
Q455852,Q30
Q455930,Q17
Q455951,Q30
Q456191,Q17
Q456191,Q188712
Q456212,Q145
Q456336,Q30
Q456340,Q29
Q456473,Q30
Q456494,Q30
Q456762,Q414
Q456855,Q30
Q456862,Q30
Q456914,Q29
Q456958,Q30
Q457092,Q145
Q457177,Q30
Q457185,Q30
Q457287,Q145
Q457287,Q174193
Q457338,Q414
Q457370,Q155
Q457371,Q145
Q457450,Q30
Q457495,Q408
Q457530,Q1041
Q457601,Q30
Q457608,Q30
Q457873,Q664
Q458077,Q30
Q458224,Q17
Q458240,Q408
Q458336,Q30
Q458390,Q30
Q458445,Q30
Q458509,Q30
Q458559,Q142
Q458618,Q30
Q458658,Q174193
Q458658,Q145
Q458658,Q1140152
Q458658,Q31747
Q458658,Q27
Q458686,Q30
Q458822,Q30
Q458822,Q174193
Q458860,Q30
Q459230,Q30
Q459275,Q174193
Q459293,Q29
Q459501,Q174193
Q459541,Q414
Q459631,Q30
Q459791,Q16
Q459877,Q851
Q459901,Q28
Q460055,Q30
Q460088,Q148
Q460109,Q29
Q460187,Q664
Q460191,Q16
Q460191,Q30
Q460196,Q142
Q460245,Q145
Q460288,Q17
Q460288,Q188712
Q460303,Q30
Q460323,Q30
Q460352,Q34266
Q460352,Q15180
Q460366,Q30
Q460383,Q17
Q460414,Q16
Q460425,Q30
Q460430,Q17
Q460490,Q414
Q460546,Q174193
Q460602,Q30
Q460613,Q17
Q460613,Q188712
Q460630,Q145
Q460630,Q174193
Q460660,Q145
Q460811,Q881
Q460861,Q161885
Q460863,Q34
Q460952,Q30
Q461000,Q30
Q461075,Q30
Q461310,Q174193
Q461320,Q17
Q461320,Q188712
Q461472,Q17
Q461536,Q736
Q461638,Q408
Q461675,Q1033
Q461690,Q30
Q461690,Q1033
Q461730,Q30
Q461837,Q30
Q461845,Q17
Q461845,Q188712
Q461853,Q17
Q461865,Q45
Q461902,Q408
Q461906,Q183
Q461957,Q145
Q462138,Q30
Q462157,Q17
Q462157,Q188712
Q462172,Q17
Q462270,Q145
Q462270,Q174193
Q462319,Q17
Q462319,Q188712
Q462356,Q142
Q462363,Q30
Q462399,Q16
Q462579,Q142
Q462579,Q31
Q462583,Q142
Q462629,Q30
Q462649,Q262
Q462666,Q142
Q462689,Q43
Q462689,Q12560
Q462810,Q142
Q462810,Q16
Q462860,Q30
Q462953,Q17
Q462953,Q188712
Q463019,Q148
Q463142,Q205662
Q463182,Q145
Q463233,Q258
Q463279,Q30
Q463299,Q419
Q463319,Q30
Q463513,Q142
Q463630,Q29
Q463868,Q145
Q463883,Q30
Q463975,Q27
Q463975,Q30
Q464143,Q16
Q464264,Q29
Q464389,Q1041
Q464397,Q142
Q464409,Q142
Q464414,Q142
Q464422,Q142
Q464438,Q142
Q464656,Q30
Q464656,Q31
Q464700,Q30
Q464756,Q17
Q464756,Q188712
Q464960,Q145
Q464960,Q902
Q464960,Q843
Q464963,Q30
Q464976,Q145
Q465179,Q30
Q465181,Q43
Q465183,Q29999
Q465208,Q30
Q465208,Q668
Q465208,Q145
Q465216,Q30
Q465222,Q30
Q465231,Q30
Q465237,Q30
Q465242,Q30
Q465326,Q145
Q465339,Q145
Q465421,Q155
Q465576,Q17
Q465576,Q188712
Q465594,Q30
Q465624,Q30
Q465687,Q62633
Q465693,Q155
Q465700,Q145
Q465721,Q142
Q465721,Q822
Q465721,Q79
Q465851,Q30
Q465890,Q408
Q465907,Q155
Q466068,Q174193
Q466175,Q174193
Q466175,Q145
Q466234,Q31
Q466341,Q756617
Q466431,Q30
Q466650,Q142
Q466660,Q30
Q466782,Q801
Q466788,Q142
Q466820,Q29
Q466860,Q4948
Q467058,Q145
Q467058,Q174193
Q467066,Q30
Q467302,Q17
Q467352,Q34266
Q467352,Q142
Q467404,Q30
Q467741,Q34266
Q467741,Q2305208
Q467741,Q15180
Q467770,Q174193
Q467770,Q161885
Q467770,Q145
Q467796,Q1027
Q467796,Q142
Q467869,Q79
Q467915,Q174193
Q467935,Q161885
Q468003,Q419
Q468040,Q16
Q468040,Q790
Q468156,Q30
Q468247,Q30
Q468272,Q30
Q468280,Q30
Q468335,Q17
Q468335,Q188712
Q468344,Q145
Q468408,Q15180
Q468408,Q40
Q468408,Q39
Q468408,Q7318
Q468408,Q34266
Q468550,Q30
Q468658,Q38
Q468658,Q172579
Q468667,Q30
Q468676,Q30
Q468783,Q29
Q469093,Q27
Q469135,Q16
Q469249,Q801
Q469250,Q145
Q469283,Q29999
Q469349,Q30
Q469370,Q30
Q469435,Q30
Q469464,Q30
Q469656,Q38
Q469707,Q17
Q469707,Q188712
Q469737,Q30
Q469944,Q142
Q469966,Q20
Q469974,Q174193
Q470063,Q145
Q470063,Q174193
Q470067,Q172579
Q470132,Q20
Q470133,Q155
Q470282,Q30
Q470302,Q30
Q470334,Q155
Q470371,Q34266
Q470758,Q27
Q470848,Q30
Q470871,Q30
Q471021,Q408
Q471184,Q33946
Q471337,Q30
Q471413,Q145
Q471451,Q3076765
Q471948,Q20
Q472008,Q794
Q472068,Q142
Q472071,Q145
Q472352,Q668
Q472356,Q15180
Q472356,Q159
Q472457,Q16
Q472568,Q142
Q472613,Q142
Q472697,Q142
Q472734,Q30
Q472783,Q34266
Q472783,Q2305208
Q472783,Q15180
Q472921,Q17
Q472921,Q188712
Q473030,Q30
Q473196,Q20
Q473289,Q30
Q473538,Q17
Q476144,Q34
Q476660,Q30
Q477210,Q155
Q477819,Q30
Q477999,Q30
Q478450,Q30
Q481960,Q30
Q382450,Q145
Q382604,Q145
Q382604,Q142
Q382681,Q17
Q382681,Q188712
Q382692,Q145
Q382786,Q145
Q382786,Q174193
Q383177,Q142
Q383442,Q155
Q383708,Q142
Q384293,Q884
Q384481,Q145
Q384594,Q172579
Q384594,Q180393
Q384594,Q41
Q384863,Q17
Q384990,Q38
Q385747,Q17
Q385747,Q188712
Q386035,Q30
Q386113,Q39
Q386244,Q30
Q386285,Q30
Q386622,Q96
Q388781,Q145
Q388781,Q174193
Q389375,Q145
Q389375,Q142
Q389946,Q30
Q390469,Q30
Q390868,Q17
Q390868,Q188712
Q392015,Q17
Q392015,Q188712
Q393090,Q30
Q394628,Q145
Q394628,Q174193
Q399018,Q45
Q399446,Q29
Q401963,Q30
Q402664,Q30
Q402664,Q786
Q404622,Q129286
Q405234,Q188712
Q405295,Q38
Q405295,Q145
Q405368,Q29
Q405532,Q30
Q408758,Q145
Q417916,Q16
Q418165,Q17
Q418584,Q17
Q418663,Q17
Q418663,Q188712
Q419060,Q17
Q419060,Q188712
Q419501,Q17
Q419501,Q188712
Q423298,Q142
Q423597,Q30
Q425369,Q796
Q425373,Q142
Q426582,Q30
Q427503,Q142
Q427886,Q30
Q428150,Q30
Q428160,Q31
Q428215,Q145
Q428451,Q142
Q429011,Q30
Q429590,Q30
Q430076,Q30
Q430182,Q145
Q430204,Q31
Q430523,Q145
Q430639,Q30
Q430652,Q155
Q430795,Q17
Q431213,Q29
Q431279,Q756617
Q431306,Q408
Q431884,Q40
Q432069,Q298
Q432069,Q142
Q432239,Q298
Q432245,Q145
Q432245,Q16
Q432322,Q145
Q432362,Q193619
Q432362,Q145
Q432717,Q145
Q432728,Q30
Q432971,Q17
Q432971,Q188712
Q433098,Q174193
Q433136,Q174193
Q433207,Q30
Q433291,Q30
Q433325,Q30
Q433464,Q30
Q433485,Q30
Q433560,Q145
Q433585,Q30
Q433597,Q145
Q433708,Q145
Q433778,Q1009
Q433778,Q1008
Q433800,Q30
Q433835,Q258
Q433956,Q30
Q433994,Q30
Q434029,Q30
Q434039,Q17
Q434039,Q188712
Q434138,Q30
Q434160,Q145
Q434164,Q30
Q434164,Q96
Q434193,Q414
Q434342,Q30
Q434494,Q30
Q434567,
Q482162,Q142
Q483022,Q884
Q483089,Q884
Q484292,Q15180
Q484292,Q813
Q484615,Q30
Q484947,Q884
Q485772,Q30
Q486096,Q30
Q487408,Q30
Q489193,Q30
Q490802,Q756617
Q491809,Q145
Q493118,Q30
Q493123,Q30
Q494257,Q145
Q495420,Q30
Q495754,Q30
Q497454,Q30
Q499405,Q183
Q500042,Q30
Q500546,Q29
Q501619,Q16
Q501741,Q30
Q503095,Q30
Q503483,Q30
Q503497,Q30
Q503557,Q30
Q503720,Q30
Q503907,Q30
Q503997,Q30
Q504317,Q16
Q504677,Q30
Q504696,Q30
Q504698,Q30
Q504805,Q30
Q504923,Q30
Q505088,Q30
Q505123,Q30
Q505164,Q30
Q505274,Q145
Q505626,Q142
Q505702,Q30
Q505715,Q30
Q505753,Q30
Q505827,Q174193
Q505827,Q145
Q505932,Q145
Q506069,Q30
Q506203,Q30
Q506231,Q145
Q506410,Q145
Q506430,Q408
Q506539,Q30
Q506582,Q33946
Q506582,Q213
Q506757,Q30
Q506885,Q30
Q506958,Q30
Q507868,Q38
Q507991,Q145
Q507991,Q174193
Q508218,Q17
Q508259,Q30
Q508263,Q30
Q508297,Q145
Q508329,Q145
Q508452,Q145
Q508473,Q142
Q508522,Q17
Q508522,Q188712
Q508533,Q142
Q508632,Q142
Q508638,Q16
Q508728,Q408
Q508853,Q145
Q508975,Q15180
Q509002,Q30
Q509076,Q145
Q509528,Q145
Q509662,Q30
Q509844,Q30
Q510034,Q30
Q510114,Q142
Q510119,Q258
Q510258,Q145
Q510320,Q30
Q510341,Q145
Q510346,Q16
Q510400,Q161885
Q510811,Q30
Q511308,Q16
Q511377,Q414
Q511432,Q30
Q511742,Q30
Q511948,Q30
Q511948,Q145
Q512062,Q28
Q512616,Q34
Q512638,Q17
Q512638,Q188712
Q513055,Q27
Q513067,Q155
Q513150,Q15180
Q513188,Q142
Q513188,Q822
Q513262,Q30
Q513321,Q145
Q513436,Q30
Q513472,Q114
Q514027,Q16
Q514041,Q145
Q514041,Q833
Q514080,Q30
Q514546,Q30
Q514667,Q174193
Q514950,Q174193
Q514998,Q145
Q515261,Q16
Q515363,Q30
Q515473,Q17
Q515473,Q188712
Q515651,Q17
Q515651,Q188712
Q515702,Q17
Q515996,Q17
Q515996,Q188712
Q516003,Q17
Q516128,Q17
Q516128,Q188712
Q516142,Q17
Q516142,Q188712
Q516530,Q31
Q516764,Q30
Q517286,Q408
Q517435,Q30
Q517809,Q408
Q518325,Q30
Q518359,Q174193
Q518438,Q16
Q518455,Q30
Q518694,Q30
Q518709,Q30
Q518744,Q30
Q518805,Q30
Q518858,Q30
Q519064,Q30
Q519082,Q30
Q519158,Q17
Q519322,Q145
Q519372,Q30
Q519574,Q15180
Q519574,Q159
Q519590,Q145
Q519590,Q174193
Q519739,Q30
Q519752,Q17
Q519827,Q408
Q519878,Q15180
Q519878,Q159
Q519969,Q30
Q519985,Q30
Q520135,Q30
Q520691,Q142
Q520723,Q30
Q520733,Q30
Q520748,Q142
Q521274,Q30
Q521589,Q174193
Q521613,Q30
Q522277,Q145
Q522679,Q142
Q522689,Q30
Q522950,Q17
Q522950,Q188712
Q523039,Q142
Q523086,Q145
Q523105,Q20
Q523105,Q30
Q523406,Q145
Q523578,Q145
Q523578,Q174193
Q523653,Q30
Q523816,Q30
Q523952,Q213
Q524283,Q408
Q524567,Q30
Q524695,Q30
Q525235,Q30
Q525347,Q30
Q525710,Q174193
Q525760,Q668
Q525967,Q33
Q526214,Q30
Q526219,Q27
Q526242,Q145
Q526242,Q30
Q526555,Q30
Q526709,Q30
Q526744,Q30
Q526761,Q145
Q526894,Q145
Q526968,Q30
Q527146,Q145
Q527302,Q30
Q527477,Q142
Q527538,Q30
Q527679,Q38
Q528134,Q30
Q528173,Q142
Q528576,Q145
Q528576,Q174193
Q528593,Q30
Q528652,Q30
Q528656,Q30
Q528702,Q30
Q528826,Q27
Q529015,Q30
Q529057,Q30
Q529072,Q17
Q529082,Q30
Q529086,Q17
Q529086,Q188712
Q529148,Q174193
Q529309,Q15180
Q529309,Q159
Q529566,Q712
Q529566,Q664
Q529583,Q15180
Q529583,Q230
Q529634,Q30
Q529639,Q30
Q529735,Q30
Q529950,Q17
Q529991,Q16
Q530321,Q145
Q530469,Q30
Q530588,Q17
Q530588,Q188712
Q530638,Q155
Q530647,Q145
Q530647,Q174193
Q530655,Q38
Q530655,Q172579
Q531150,Q174193
Q531194,Q145
Q531194,Q174193
Q531358,Q408
Q531431,Q790
Q531473,Q161885
Q531563,Q30
Q531606,Q174193
Q531608,Q30
Q531711,Q30
Q531759,Q145
Q531759,Q142
Q531904,Q161885
Q532041,Q414
Q532213,Q145
Q532255,Q161885
Q532279,Q30
Q532297,Q70972
Q532336,Q30
Q532541,Q17
Q532541,Q188712
Q532757,Q258
Q532835,Q30
Q532947,Q17
Q533256,Q30
Q533287,Q30
Q533343,Q30
Q533400,Q30
Q533505,Q30
Q533778,Q30
Q533971,Q30
Q534258,Q145
Q534376,Q30
Q534455,Q30
Q534599,Q30
Q534658,Q30
Q534738,Q30
Q534763,Q30
Q534861,Q30
Q535001,Q17
Q535001,Q188712
Q535108,Q30
Q535211,Q30
Q535252,Q408
Q535311,Q41
Q535396,Q30
Q535396,Q36
Q535470,Q28
Q535812,Q30
Q535856,Q30
Q535966,Q30
Q536012,Q30
Q536161,Q145
Q536161,Q664
Q536596,Q17
Q536596,Q188712
Q536616,Q30
Q536861,Q30
Q536898,Q30
Q536913,Q408
Q536979,Q145
Q537014,Q142
Q537057,Q30
Q537087,Q16
Q537093,Q142
Q537112,Q145
Q537141,Q30
Q537202,Q30
Q537266,Q30
Q537306,Q16
Q537473,Q30
Q537645,Q142
Q537699,Q16
Q537898,Q30
Q538057,Q145
Q538299,Q145
Q538299,Q408
Q538299,Q174193
Q538508,Q30
Q538620,Q174193
Q538638,Q38
Q538708,Q29
Q538761,Q30
Q538962,Q45
Q539020,Q30
Q539214,Q258
Q539221,Q30
Q539247,Q408
Q539418,Q30
Q539533,Q174193
Q539746,Q17
Q539782,Q30
Q540024,Q30
Q540166,Q145
Q540166,Q174193
Q540219,Q155
Q540262,Q912
Q540412,Q30
Q540461,Q142
Q540695,Q29
Q540784,Q30
Q540787,Q145
Q540904,Q258
Q541039,Q17
Q541088,Q30
Q541147,Q145
Q541501,Q408
Q541622,Q79
Q541808,Q145
Q541812,Q145
Q541868,Q30
Q541883,Q145
Q541890,Q30
Q542217,Q408
Q542217,Q174193
Q542257,Q79
Q542410,Q145
Q542501,Q38
Q542634,Q145
Q542763,Q145
Q542835,Q145
Q542933,Q408
Q543625,Q16
Q543726,Q419
Q543915,Q30
Q544207,Q30
Q544412,Q30
Q544517,Q174193
Q544611,Q30
Q544874,Q408
Q544900,Q30
Q544925,Q142
Q544975,Q30
Q545223,Q17
Q545375,Q16
Q545381,Q30
Q545476,Q155
Q545781,Q30
Q545840,Q258
Q545945,Q43
Q546044,Q668
Q546044,Q129286
Q546044,Q1775277
Q546275,Q30
Q546374,Q30
Q546461,Q145
Q546511,Q30
Q546569,Q664
Q546952,Q142
Q547023,Q17
Q547023,Q188712
Q547053,Q16
Q547414,Q30
Q547606,Q145
Q547606,Q174193
Q547794,Q30
Q547815,Q17
Q547815,Q188712
Q547914,Q30
Q547926,Q30
Q547993,Q79
Q548004,Q145
Q548004,Q664
Q548008,Q155
Q548040,Q145
Q548040,Q174193
Q548140,Q145
Q548140,Q30
Q548156,Q30
Q548180,Q408
Q548201,Q30
Q548222,Q16
Q548237,Q16
Q548345,Q30
Q548572,Q31
Q548572,Q142
Q548960,Q30
Q548998,Q17
Q549145,Q17
Q549487,Q30
Q549487,Q96
Q550449,Q30
Q550521,Q30
Q550521,Q142
Q550521,Q29
Q550614,Q30
Q550667,Q30
Q550806,Q142
Q550819,Q30
Q550926,Q30
Q550996,Q30
Q551075,Q33946
Q551075,Q28513
Q551262,Q17
Q551487,Q30
Q551499,Q17
Q551499,Q188712
Q551550,Q142
Q551570,Q142
Q551597,Q142
Q551710,Q30
Q551725,Q142
Q551740,Q142
Q551744,Q142
Q551767,Q142
Q551772,Q142
Q551779,Q79
Q551779,Q142
Q551783,Q142
Q551794,Q77
Q551929,Q30
Q552067,Q30
Q552356,Q17
Q552356,Q188712
Q552372,Q30
Q552583,Q17
Q552593,Q17
Q552593,Q188712
Q552855,Q145
Q552855,Q408
Q552892,Q1016
Q552911,Q408
Q552955,Q30
Q552990,Q17
Q553484,Q17
Q553683,Q17
Q553683,Q188712
Q553833,Q34
Q554224,Q298
Q554254,Q17
Q554254,Q188712
Q554484,Q17
Q554629,Q145
Q554629,Q174193
Q554685,Q822
Q554810,Q17
Q554900,Q30
Q555298,Q30
Q555319,Q189
Q555324,Q756617
Q555449,Q77
Q555619,Q17
Q555621,Q145
Q556244,Q17
Q556662,Q45
Q557512,Q30
Q557691,Q30
Q557691,Q36
Q557774,Q96
Q558052,Q145
Q558138,Q30
Q558171,Q142
Q558252,Q928
Q558410,Q30
Q558416,Q30
Q558425,Q30
Q558430,Q30
Q558570,Q30
Q558837,Q34
Q559409,Q145
Q559409,Q30
Q559506,Q145
Q559565,Q38
Q559565,Q172579
Q559631,Q664
Q560015,Q145
Q560286,Q145
Q560315,Q142
Q560371,Q794
Q560434,Q16
Q560541,Q38
Q560541,Q172579
Q560733,Q30
Q560735,Q30
Q561027,Q215530
Q561027,Q174193
Q561116,Q38
Q561169,Q155
Q561378,Q142
Q561408,Q174193
Q561434,Q1049
Q561435,Q145
Q561435,Q174193
Q561486,Q142
Q561650,Q29999
Q561833,Q96
Q562000,Q27
Q562556,Q142
Q562652,Q174193
Q562874,Q30
Q563118,Q30
Q563620,Q30
Q564792,Q39
Q565234,Q183
Q565245,Q30
Q565580,Q34266
Q565580,Q211
Q565581,Q161885
Q565581,Q174193
Q565684,Q30
Q565833,Q174193
Q566385,Q183
Q566955,Q174193
Q570122,Q30
Q571334,Q30
Q572655,Q96
Q572741,Q30
Q572741,Q145
Q573610,Q664
Q573813,Q145
Q573997,Q145
Q575043,Q174193
Q575345,Q30
Q575883,Q17
Q575883,Q188712
Q576143,Q29999
Q577180,Q17
Q577548,Q142
Q577565,Q30
Q577826,Q766
Q578011,Q30
Q578031,Q30
Q578932,Q96
Q579475,Q30
Q580137,Q142
Q580313,Q30
Q580937,Q30
Q583065,Q142
Q583128,Q145
Q583128,Q174193
Q583527,Q17
Q583783,Q145
Q584083,Q142
Q584128,Q30
Q585351,Q174193
Q586211,Q142
Q586388,Q30
Q586776,Q30
Q587247,Q70972
Q587332,Q145
Q587389,Q172579
Q587389,Q38
Q587389,Q142
Q588653,Q30
Q588933,Q408
Q589497,Q30
Q589562,Q142
Q589585,Q218
Q589863,Q31
Q590532,Q30
Q591270,Q30
Q592511,Q30
Q592895,Q17
Q594438,Q30
Q594644,Q16
Q594731,Q30
Q595483,Q30
Q595717,Q30
Q595917,Q29
Q595917,Q96
Q596018,Q16
Q596034,Q30
Q596383,Q30
Q596925,Q145
Q597627,Q17
Q598029,Q145
Q598052,Q30
Q598452,Q142
Q598452,Q262
Q598494,Q30
Q598720,Q419
Q598720,Q36
Q598771,Q717
Q599358,Q16
Q600415,Q30
Q601133,Q155
Q601304,Q30
Q601307,Q258
Q601527,Q33
Q601527,Q796
Q601709,Q924
Q602468,Q142
Q602510,Q30
Q602978,Q408
Q604242,Q30
Q604524,Q30
Q604661,Q145
Q605532,Q739
Q605989,Q30
Q606149,Q414
Q606154,Q30
Q606389,Q155
Q606543,Q30
Q606656,Q30
Q607123,Q145
Q607123,Q801
Q607299,Q142
Q607503,Q30
Q607825,Q15180
Q607825,Q159
Q608051,Q16
Q609039,Q142
Q609317,Q20
Q609457,Q30
Q610515,Q241
Q610522,Q148
Q610522,Q30
Q610567,Q145
Q610679,Q155
Q610771,Q408
Q611586,Q30
Q611672,Q30
Q611828,Q145
Q611959,Q30
Q612005,Q29
Q613164,Q142
Q613259,Q30
Q613537,Q31
Q613776,Q30
Q613846,Q33
Q615129,Q17
Q615960,Q17
Q616541,
Q617215,Q29
Q618886,Q17
Q622232,Q30
Q623737,Q884
Q623974,Q884
Q624149,Q18097
Q624168,Q884
Q624211,Q884
Q624299,Q503585
Q625272,Q30
Q625336,Q423
Q625721,Q786
Q626290,Q17
Q626290,Q188712
Q626412,Q794
Q628479,Q145
Q628482,Q30
Q628838,Q17
Q630446,Q30
Q630454,Q30
Q630464,Q142
Q630558,Q30
Q632079,Q30
Q632861,Q29
Q632861,Q419
Q633302,Q142
Q634905,Q30
Q634950,Q142
Q635739,Q145
Q635739,Q174193
Q636037,Q30
Q636923,Q33
Q637306,Q145
Q637306,Q16
Q637396,Q1008
Q637455,Q30
Q637689,Q790
Q638179,Q30
Q639041,Q30
Q639360,Q30
Q639538,Q30
Q640352,Q142
Q641046,Q30
Q641740,
Q642060,Q142
Q642680,Q30
Q643408,Q142
Q643644,Q29999
Q643904,Q183
Q644365,Q17
Q645141,Q29
Q645362,Q30
Q645406,Q29
Q646934,Q142
Q646986,Q70972
Q647687,Q17
Q647687,Q188712
Q647747,Q38
Q648920,Q142
Q649054,Q30
Q649790,Q30
Q650048,Q174193
Q650332,Q30
Q650800,Q145
Q651258,Q17
Q651258,Q188712
Q652253,Q1028
Q652425,Q30
Q653236,Q145
Q653366,Q30
Q653496,Q155
Q654747,Q145
Q654954,Q17
Q654954,Q188712
Q656292,Q155
Q657901,Q30
Q658522,Q145
Q659003,Q408
Q659017,Q145
Q659027,Q414
Q659155,Q142
Q659294,Q142
Q659364,Q30
Q660069,Q142
Q660525,Q218
Q660646,Q16
Q660670,Q218
Q661925,Q30
Q662611,Q30
Q662980,Q17
Q662980,Q188712
Q663705,Q30
Q663884,Q17
Q663884,Q188712
Q664673,Q258
Q665144,Q30
Q665768,Q30
Q668090,Q145
Q668511,Q16
Q670108,Q145
Q670179,Q30
Q671852,Q29
Q671951,Q142
Q672440,Q38
Q672440,Q172579
Q672816,Q29
Q672816,Q174193
Q673217,Q30
Q673567,Q30
Q673985,Q30
Q673985,Q1016
Q675290,Q664
Q675396,Q30
Q675662,Q145
Q675662,Q174193
Q675676,Q29999
Q676455,Q298
Q677196,Q40
Q678778,Q30
Q679659,Q30
Q680335,Q30
Q680479,Q30
Q682266,Q756617
Q682325,Q30
Q682356,Q30
Q682467,Q30
Q682767,Q30
Q683445,Q145
Q684481,Q17
Q684481,Q188712
Q684748,Q30
Q686301,Q30
Q686437,Q39
Q687658,Q28513
Q687658,Q207272
Q687658,Q15180
Q687931,Q30
Q688661,Q30
Q688739,Q30
Q689828,Q711
Q690103,Q30
Q690233,Q30
Q690304,Q96
Q690338,Q30
Q691479,Q142
Q691796,Q129286
Q691796,Q668
Q691796,Q1775277
Q692181,Q38
Q692219,Q30
Q696666,Q13426199
Q696666,Q865
Q697008,Q188712
Q697008,Q865
Q697008,Q148
Q697008,Q17
Q697008,Q13426199
Q697741,Q403
Q697741,Q83286
Q697741,Q838261
Q697741,Q37024
Q697943,Q137816
Q697943,Q13426199
Q697943,Q865
Q698372,Q13426199
Q698372,Q148
Q699393,Q142
Q699401,Q142
Q699722,Q148
Q700616,Q145
Q700821,Q137816
Q700821,Q13426199
Q700821,Q865
Q702268,Q218
Q702268,Q30
Q702468,Q29
Q703476,Q145
Q703935,Q145
Q704294,Q38
Q704553,Q30
Q704768,Q30
Q704860,Q145
Q704860,Q174193
Q705022,Q30
Q705058,Q30
Q705074,Q953
Q705074,Q954
Q705464,Q17
Q705464,Q188712
Q705827,Q794
Q705999,Q30
Q706016,Q16
Q706196,Q17
Q706258,Q17
Q706272,Q739
Q706445,Q34
Q706516,Q29
Q706658,Q20
Q706668,Q193619
Q706668,Q145
Q706718,
Q706785,Q142
Q706794,Q145
Q706856,Q145
Q706935,Q145
Q706999,Q34266
Q706999,Q15180
Q707117,Q30
Q707333,Q30
Q707796,Q145
Q708157,Q30
Q708198,Q30
Q708473,Q142
Q708473,Q218
Q708581,Q30
Q708647,Q142
Q708679,Q865
Q708679,Q29
Q709295,Q30
Q709368,Q30
Q709534,Q16
Q709534,Q159
Q709534,Q30
Q709636,Q30
Q709751,Q30
Q710334,Q30
Q710435,Q30
Q710519,Q7313
Q710519,Q9903
Q710823,Q408
Q710876,Q17
Q710876,Q188712
Q711137,Q30
Q711312,Q145
Q711312,Q174193
Q711479,Q148
Q711558,Q30
Q711701,Q30
Q711830,Q145
Q711909,Q30
Q711926,Q30
Q712191,Q145
Q712555,Q30
Q712555,Q16
Q712596,Q30
Q712653,Q31
Q712675,Q30
Q712734,Q17
Q712741,Q219
Q712746,Q30
Q712791,Q30
Q713110,Q34
Q713196,Q33
Q713196,Q62633
Q713284,Q31
Q713658,Q30
Q713658,Q28513
Q713778,Q145
Q713824,Q145
Q714153,Q30
Q714250,Q30
Q714485,Q30
Q714712,Q142
Q715241,Q30
Q715256,Q30
Q715505,Q30
Q715692,Q30
Q715796,Q145
Q715814,Q30
Q715945,Q28513
Q715945,Q12560
Q716696,Q28
Q717071,Q30
Q717175,Q30
Q717204,Q145
Q717520,Q145
Q717602,Q16
Q717771,Q30
Q717878,Q822
Q717936,Q17
Q717936,Q188712
Q718081,Q142
Q718262,Q1033
Q718463,Q30
Q718665,Q30
Q719046,Q145
Q719250,Q17
Q719545,Q792
Q719649,Q756617
Q719735,Q29
Q720182,Q30
Q720199,Q419
Q720199,Q30
Q720242,Q30
Q720306,Q145
Q720317,Q145
Q720370,Q142
Q720435,Q30
Q720562,Q30
Q720669,Q30
Q720779,Q30
Q720782,Q145
Q720797,Q30
Q720806,Q145
Q721013,Q30
Q721268,Q30
Q721345,Q145
Q721578,Q30
Q721753,Q20
Q721999,Q30
Q722103,Q145
Q722202,Q801
Q722202,Q30
Q723159,Q30
Q723200,Q145
Q723354,Q794
Q723374,Q30
Q723439,Q30
Q723468,Q179293
Q723591,Q30
Q723621,Q142
Q723761,Q419
Q723839,Q34266
Q723839,Q15180
Q724395,Q30
Q724672,
Q724786,Q16
Q724874,Q17
Q724874,Q188712
Q725065,Q30
Q725248,Q30
Q725248,Q174193
Q725248,Q16
Q725344,Q145
Q725395,Q30
Q725421,Q145
Q725445,Q142
Q725475,Q31
Q725475,Q142
Q726071,Q30
Q726177,Q30
Q726194,Q145
Q726529,Q29
Q726581,Q31
Q726865,Q30
Q726967,Q142
Q727079,Q30
Q727148,Q217230
Q727148,Q155
Q727331,Q30
Q727416,Q29
Q727705,Q218
Q727705,Q155
Q727717,Q29
Q727856,Q145
Q727856,Q174193
Q728348,Q96
Q728405,Q31
Q728558,Q145
Q729117,Q30
Q729121,Q145
Q729541,Q161885
Q729541,Q145
Q729541,Q174193
Q729951,Q30
Q730116,Q30
Q730223,Q145
Q731036,Q145
Q731146,Q145
Q732128,Q419
Q732338,Q16
Q732434,Q668
Q732434,Q129286
Q732434,Q1775277
Q732513,Q155
Q732550,Q1006
Q732568,Q30
Q732618,Q142
Q732668,Q142
Q732729,Q142
Q732980,Q16
Q733112,Q142
Q733151,Q142
Q733161,Q142
Q733174,Q142
Q733235,Q142
Q733393,Q79
Q733417,Q145
Q733547,Q142
Q733850,Q30
Q734018,Q79
Q734092,Q419
Q734278,Q145
Q734397,Q29
Q734397,Q30
Q736123,Q30
Q736137,Q30
Q736143,Q30
Q736343,Q30
Q736447,Q30
Q736570,Q30
Q736597,Q172579
Q736597,Q38
Q736900,Q45
Q736990,Q29
Q737191,Q115
Q737265,Q30
Q737570,Q145
Q737768,Q16
Q738114,Q30
Q738114,Q208545
Q738248,Q30
Q738911,Q30
Q739129,Q17
Q739129,Q188712
Q739385,Q30
Q739555,Q142
Q739973,Q142
Q740130,Q29
Q740256,Q29
Q740374,Q142
Q740928,Q30
Q741508,Q30
Q741671,Q142
Q741744,Q29999
Q741862,Q38
Q741862,Q172579
Q742170,Q145
Q742622,Q142
Q742632,Q30
Q742918,Q145
Q743035,Q142
Q743079,Q30
Q743079,Q145
Q743682,Q30
Q743767,Q17
Q743767,Q188712
Q744488,Q142
Q744956,Q224
Q744956,Q83286
Q744956,Q28513
Q745244,Q174193
Q745363,Q28513
Q745528,Q142
Q746018,Q34
Q746999,Q30
Q747270,Q70972
Q747284,Q142
Q749498,Q145
Q749560,Q142
Q749714,Q16
Q750036,Q30
Q750904,Q30
Q751234,Q30
Q751592,Q30
Q752765,Q30
Q753365,Q30
Q758126,Q43
Q758879,Q17
Q759024,Q30
Q760867,Q30
Q761152,Q30
Q761453,Q30
Q762719,Q29
Q763218,Q30
Q763341,Q30
Q764105,Q172579
Q764591,Q30
Q764800,Q30
Q764889,Q79
Q765363,Q30
Q765423,Q30
Q765747,Q16
Q765755,Q30
Q765918,Q145
Q766235,Q17
Q766235,Q188712
Q766723,Q30
Q766768,Q142
Q767118,Q142
Q767226,Q17
Q767437,Q31
Q767439,Q30
Q767547,Q142
Q768038,Q145
Q768296,Q30
Q768776,Q30
Q768810,Q30
Q768866,Q30
Q769236,Q155
Q770423,Q794
Q770929,Q17
Q771270,Q174193
Q771295,Q77
Q771698,Q145
Q772240,Q70972
Q772618,Q27
Q773042,Q142
Q773361,Q16
Q773389,Q41
Q773828,Q754
Q774280,Q28
Q774860,Q30
Q776999,Q30
Q777354,Q29
Q778347,Q17
Q778347,Q188712
Q778501,Q142
Q778585,Q30
Q778983,Q28
Q779144,Q142
Q779248,Q17
Q779972,Q145
Q780102,Q145
Q780102,Q174193
Q780102,Q16
Q780739,Q30
Q781094,Q30
Q782738,Q29
Q782813,Q30
Q782991,Q30
Q784797,Q30
Q785550,Q30
Q786616,Q30
Q786927,Q30
Q787382,Q30
Q791729,Q30
Q792910,Q28
Q792956,Q117
Q793776,Q28
Q793808,Q30
Q793895,Q30
Q794087,Q142
Q794087,Q262
Q794213,Q30
Q794906,Q1054923
Q796362,Q30
Q797649,Q30
Q799227,Q17
Q799543,Q145
Q800187,Q124943
Q800187,Q3087763
Q800187,Q170468
Q800187,Q79
Q807448,Q30
Q808178,Q30
Q808413,Q179876
Q809012,Q30
Q809020,Q664
Q809033,Q30
Q809050,Q30
Q809062,Q145
Q809062,Q174193
Q809063,Q30
Q809093,Q30
Q812105,Q30
Q813244,Q145
Q813244,Q174193
Q816409,Q145
Q816429,Q16
Q816429,Q30
Q816553,Q30
Q817380,Q30
Q817381,Q30
Q817443,Q30
Q817585,Q30
Q817587,Q117
Q821018,Q142
Q822155,Q174193
Q822793,Q30
Q822971,Q155
Q823003,Q155
Q827708,Q30
Q831125,Q16
Q832785,Q9903
Q835759,Q17
Q835766,Q17
Q838661,Q30
Q840990,Q884
Q841464,Q17
Q841464,Q188712
Q842334,Q17
Q842334,Q188712
Q842464,Q17
Q842534,Q17
Q843541,Q30
Q843699,Q17
Q843699,Q188712
Q843830,Q17
Q843830,Q188712
Q843837,Q30
Q844318,Q17
Q845622,Q17
Q848530,Q17
Q848716,Q148
Q848865,Q17
Q850141,Q174193
Q850436,Q30
Q851805,Q30
Q852306,Q30
Q854737,Q17
Q856014,Q145
Q857714,Q218
Q859065,Q30
Q859960,Q17
Q860169,Q142
Q860495,Q17
Q861002,Q17
Q861482,Q30
Q862329,Q30
Q862364,Q664
Q862387,Q30
Q862935,Q142
Q863049,Q145
Q864327,Q408
Q865684,Q17
Q866183,Q17
Q866272,Q1027
Q866496,Q145
Q867852,Q142
Q871235,Q142
Q872066,Q30
Q879237,Q1033
Q879550,Q183
Q881422,Q30
Q882937,Q183
Q887050,Q15180
Q887050,Q159
Q890980,Q145
Q892108,Q30
Q893138,Q30
Q893781,Q145
Q894981,Q30
Q896344,Q30
Q896344,Q36
Q896817,Q30
Q896846,Q30
Q897008,Q30
Q898322,Q145
Q903331,Q30
Q904489,Q884
Q904489,Q423
Q904686,Q17
Q905100,Q30
Q905323,Q33946
Q906193,Q145
Q906814,Q17
Q907166,Q17
Q908571,Q30
Q908573,Q17
Q908589,Q30
Q908592,Q30
Q908648,Q30
Q909874,Q30
Q910123,Q145
Q910538,Q30
Q910762,Q17
Q910762,Q188712
Q910800,Q30
Q910839,Q408
Q910874,Q17
Q911939,Q16
Q912023,Q30
Q912271,Q142
Q912348,Q30
Q912443,Q30
Q912602,Q145
Q912791,Q145
Q912791,Q16
Q912801,Q30
Q913028,Q34
Q913061,Q30
Q913403,Q30
Q914014,Q17
Q914014,Q188712
Q916286,Q142
Q917004,Q145
Q917010,Q30
Q917570,Q30
Q917570,Q16
Q918443,Q30
Q918455,Q414
Q918553,Q30
Q918764,Q41470
Q918937,Q30
Q919277,Q174193
Q919448,Q30
Q919515,Q30
Q919835,Q145
Q919835,Q174193
Q920901,Q30
Q920996,Q145
Q921225,Q30
Q921435,Q117
Q921584,Q17
Q921603,Q142
Q921808,Q30
Q921925,Q30
Q922053,Q30
Q922071,Q30
Q922191,Q30
Q922345,Q17
Q922345,Q188712
Q922427,Q142
Q922457,Q30
Q922467,Q217230
Q922760,Q30
Q922795,Q298
Q923019,Q36704
Q923019,Q403
Q923499,Q36
Q924430,Q20
Q925520,Q30
Q926034,Q17
Q926338,Q145
Q926338,Q174193
Q926682,Q145
Q927759,Q17
Q927759,Q188712
Q928940,Q243610
Q928940,Q1508143
Q928940,Q15180
Q929268,Q30
Q929597,Q30
Q930489,Q17
Q930619,Q30
Q931105,Q30
Q931637,Q34
Q931954,Q27
Q932891,Q34266
Q933019,Q228
Q933918,Q30
Q934642,Q30
Q934682,Q142
Q935706,Q30
Q936028,Q30
Q936029,Q17
Q937000,Q30
Q937232,Q30
Q937610,Q30
Q937697,Q16
Q937815,Q27
Q937835,Q30
Q937897,Q414
Q937897,Q142
Q938005,Q30
Q938710,Q869
Q938710,Q30
Q938844,Q30
Q939797,Q17
Q939797,Q188712
Q940105,Q16
Q940594,Q414
Q940902,Q30
Q940958,Q16
Q941334,Q30
Q941605,Q29
Q941794,Q30
Q941810,Q161885
Q941810,Q174193
Q941966,Q145
Q941966,Q174193
Q942627,Q30
Q942636,Q29
Q942773,Q30
Q942980,Q131964
Q942980,Q28513
Q943273,Q30
Q943567,Q30
Q943997,Q30
Q944204,Q27
Q944409,Q30
Q944894,Q17
Q944894,Q188712
Q945893,Q30
Q945929,Q30
Q946031,Q16
Q946237,Q928
Q946599,Q739
Q946733,Q142
Q947012,Q30
Q947821,Q664
Q947986,Q30
Q948301,Q145
Q948301,Q174193
Q948870,Q30
Q948960,Q30
Q949281,Q142
Q949700,Q142
Q949700,Q174193
Q949829,Q30
Q950137,Q130802
Q950137,Q146885
Q950137,Q170468
Q950137,Q858
Q950414,Q30
Q950762,Q30
Q950949,Q145
Q951110,Q145
Q951250,Q30
Q951594,Q30
Q951657,Q29
Q951657,Q145
Q951714,Q145
Q951886,Q30
Q951963,Q30
Q952452,Q174193
Q952452,Q145
Q952614,Q30
Q953153,Q30
Q953288,Q30
Q953410,Q30
Q953849,Q145
Q953962,Q30
Q954378,Q29
Q954383,Q145
Q954383,Q27
Q954686,Q79
Q954997,Q30
Q955586,Q145
Q956187,Q155
Q956400,Q30
Q956459,Q142
Q957931,Q30
Q957997,Q17
Q957997,Q188712
Q958743,Q30
Q959020,Q1033
Q959699,Q145
Q959875,Q414
Q960088,Q142
Q960491,Q145
Q960612,Q30
Q960862,Q29
Q961147,Q142
Q961221,Q408
Q961244,Q142
Q961244,Q30
Q961263,Q736
Q961328,Q30
Q961645,Q17
Q961645,Q188712
Q962004,Q30
Q962061,Q408
Q963015,Q145
Q963625,Q664
Q963727,Q30
Q963799,Q145
Q964037,Q29999
Q964037,Q30
Q964093,Q142
Q964233,Q145
Q964233,Q174193
Q964255,Q30
Q964355,Q29
Q964776,Q142
Q964815,Q30
Q965059,Q17
Q965059,Q188712
Q965138,Q174193
Q965138,Q30
Q965359,Q142
Q965456,Q145
Q965927,Q27
Q965935,Q142
Q966061,Q29
Q966228,Q27
Q966228,Q30
Q966317,Q30
Q966340,Q30
Q966701,Q17
Q966725,Q30
Q967627,Q30
Q967640,Q30
Q967704,Q142
Q967749,Q29
Q968215,Q29
Q968259,Q17
Q968259,Q188712
Q968565,Q145
Q968565,Q174193
Q968565,Q30
Q968715,Q142
Q969099,Q30
Q969321,Q142
Q970120,Q17
Q970120,Q188712
Q970421,Q17
Q970421,Q188712
Q970649,Q739
Q970649,Q29
Q970715,Q142
Q971215,Q142
Q971735,Q142
Q971919,Q16
Q972526,Q29
Q972560,Q30
Q972957,Q30
Q972967,Q30
Q973500,Q145
Q973713,Q145
Q973713,Q174193
Q973734,Q30
Q973765,Q16
Q973791,Q30
Q973961,Q142
Q974114,Q142
Q974539,Q145
Q974678,Q30
Q974852,Q174193
Q975273,Q17
Q975994,Q30
Q976059,Q30
Q977066,Q30
Q977462,Q45
Q977651,Q408
Q977700,Q30
Q978089,Q408
Q978389,Q96
Q978830,Q45
Q978830,Q30
Q978959,Q30
Q979076,Q30
Q979307,Q145
Q979307,Q174193
Q979457,Q30
Q979465,Q30
Q980844,Q30
Q980857,Q30
Q980958,Q30
Q981086,Q145
Q981256,Q142
Q981352,Q17
Q981352,Q188712
Q981683,Q408
Q981852,Q174193
Q982023,Q142
Q982029,Q142
Q982034,Q142
Q982039,Q142
Q982044,Q31
Q982058,Q142
Q982095,Q30
Q982133,Q30
Q982361,Q142
Q982414,Q43
Q982414,Q12560
Q982489,Q30
Q982575,Q17
Q982838,Q43
Q982838,Q12560
Q982880,Q30
Q983109,Q30
Q983113,Q30
Q983167,Q221457
Q983167,Q12560
Q983167,Q34266
Q983228,Q664
Q983233,Q29999
Q983243,Q30
Q983249,Q29999
Q983249,Q408
Q983273,Q974
Q983273,Q971
Q983421,Q30
Q983431,Q408
Q983544,Q30
Q983672,Q16
Q983881,Q145
Q984352,Q145
Q984415,Q30
Q984452,Q30
Q984937,Q77
Q985992,Q17
Q986753,Q17
Q986753,Q188712
Q991720,Q30
Q992969,Q142
Q994434,Q17
Q995016,Q145
Q995688,Q17
Q995688,Q188712
Q996720,Q17
Q996720,Q188712
Q997095,Q183
Q999726,Q30
Q999904,Q29
Q999928,Q28
Q1002127,Q218
Q1002759,Q28
Q1002759,Q16410
Q1002882,Q28
Q1005559,Q17
Q1006918,Q30
Q1009504,Q17
Q1018468,Q17
Q1021166,Q148
Q1022460,Q414
Q1026532,Q30
Q1028359,Q30
Q1028373,Q30
Q1028991,Q16
Q1029497,Q30
Q1029714,Q30
Q1031167,Q16
Q1031954,Q79
Q1032009,Q30
Q1032912,Q17
Q1032915,Q30
Q1035947,Q30
Q1036535,Q34
Q1038200,Q20
Q1038440,Q30
Q1038466,Q17
Q1041625,Q29
Q1041766,Q30
Q1043099,Q155
Q1043323,Q45
Q1044165,Q145
Q1044175,Q30
Q1044412,Q40
Q1044447,Q16
Q1044457,Q145
Q1044643,Q30
Q1044648,
Q1045347,Q1206012
Q1046243,Q30
Q1046980,Q30
Q1047108,Q17
Q1049096,Q17
Q1049526,Q17
Q1050940,Q145
Q1050940,Q174193
Q1050951,Q30
Q1051041,Q252
Q1051041,Q188161
Q1051093,Q16
Q1051441,Q17
Q1051441,Q188712
Q1053204,Q17
Q1053363,Q756617
Q1053551,Q17
Q1053737,Q17
Q1054177,Q16
Q1054316,Q38
Q1054731,Q12560
Q1055110,Q17
Q1055352,Q38
Q1055480,Q218
Q1056256,Q17
Q1058570,Q30
Q1059572,Q79
Q1059718,Q17
Q1059911,Q17
Q1060636,Q30
Q1061225,Q145
Q1061645,Q30
Q1062289,Q17
Q1062830,Q17
Q1063851,Q30
Q1063855,Q30
Q1063915,Q145
Q1064052,Q142
Q1064108,Q142
Q1064252,Q174193
Q1064272,Q17
Q1064421,Q17
Q1064421,Q188712
Q1064454,Q30
Q1064513,Q142
Q1064513,Q30
Q1064794,Q30
Q1065212,Q30
Q1065287,Q145
Q1065689,Q408
Q1065801,Q31
Q1065817,Q30
Q1065901,Q30
Q1066407,Q30
Q1066431,Q30
Q1066463,Q30
Q1066587,Q16
Q1066666,Q142
Q1066918,Q30
Q1067552,Q17
Q1068950,Q17
Q1069448,Q17
Q1070628,Q145
Q1070662,Q30
Q1071361,Q16
Q1071789,Q15180
Q1071789,Q159
Q1072569,Q17
Q1072588,Q17
Q1072588,Q188712
Q1072604,Q17
Q1072659,Q17
Q1072923,Q30
Q1076511,Q174193
Q1076930,Q30
Q1076935,Q1033
Q1076935,Q30
Q1077057,Q30
Q1077103,Q145
Q1077137,Q30
Q1077554,Q30
Q1077566,Q30
Q1077730,Q16
Q1079574,Q30
Q1079854,Q142
Q1080528,Q756617
Q1081242,Q30
Q1081888,Q30
Q1083392,Q1290149
Q1083392,Q191077
Q1083392,Q15102440
Q1083392,Q533534
Q1085452,Q17
Q1086549,Q30
Q1086776,Q408
Q1086932,Q30
Q1086932,Q145
Q1087071,Q145
Q1087887,Q17
Q1087887,Q188712
Q1088019,Q17
Q1089124,Q30
Q1090406,Q30
Q1091045,Q16
Q1091103,Q161885
Q1091123,Q17
Q1091123,Q188712
Q1091150,Q16
Q1092277,Q17
Q1092277,Q188712
Q1093783,Q17
Q1094991,Q30
Q1095223,Q43287
Q1095223,Q183
Q1095459,Q30
Q1095691,Q28
Q1095977,Q30
Q1096358,Q17
Q1096768,Q16
Q1096967,Q766
Q1096967,Q2526023
Q1097274,Q30
Q1098512,Q17
Q1099318,Q30
Q1099987,Q40
Q1100524,Q30
Q1100772,Q17
Q1100849,Q145
Q1101228,Q30
Q1101262,Q145
Q1102013,Q17
Q1102013,Q145
Q1103301,Q30
Q1108068,Q142
Q1108416,Q145
Q1108424,Q145
Q1108453,Q145
Q1108453,Q174193
Q1108495,Q30
Q1108739,Q145
Q1110463,Q145
Q1111769,Q145
Q1114444,Q16
Q1114941,Q174193
Q1114941,Q161885
Q1115121,Q30
Q1116251,Q16
Q1117569,Q912
Q1118750,Q30
Q1119823,Q28
Q1120674,Q218
Q1121861,Q30
Q1122051,Q145
Q1122051,Q174193
Q1122303,Q30
Q1124931,Q30
Q1125856,Q174193
Q1125856,Q161885
Q1127023,Q145
Q1127023,Q174193
Q1127989,Q218
Q1127989,Q142
Q1130939,Q38
Q1131827,Q155
Q1131856,Q30
Q1132175,Q17
Q1134053,Q34
Q1135505,Q17
Q1136761,Q12560
Q1136761,Q43
Q1137066,Q30
Q1137125,Q145
Q1137125,Q408
Q1137438,Q29
Q1137821,Q30
Q1138463,Q17
Q1138528,Q30
Q1138553,Q664
Q1138661,Q145
Q1139463,Q155
Q1140408,Q96
Q1140743,Q155
Q1142305,Q17
Q1142761,Q17
Q1142761,Q188712
Q1143660,Q17
Q1148069,Q16
Q1148078,Q145
Q1148078,Q174193
Q1148083,Q145
Q1148376,Q145
Q1150101,Q30
Q1150116,Q39
Q1150122,Q39
Q1150163,Q142
Q1150798,Q142
Q1150820,Q155
Q1151388,Q30
Q1151724,Q43
Q1151724,Q12560
Q1152905,Q30
Q1153256,Q30
Q1154316,Q657
Q1155639,Q881
Q1156074,Q15180
Q1156074,Q399
Q1157861,Q30
Q1158494,Q408
Q1159062,Q30
Q1159091,Q30
Q1159094,Q17
Q1159094,Q188712
Q1159871,Q30
Q1160619,Q30
Q1160785,Q30
Q1161320,Q33
Q1162833,Q30
Q1163210,Q30
Q1163833,Q801
Q1165217,Q790
Q1165217,Q16
Q1165426,Q1028
Q1165426,Q30
Q1165505,Q16
Q1165624,Q30
Q1165731,Q30
Q1165735,Q155
Q1165983,Q30
Q1166012,Q30
Q1167088,Q30
Q1171128,Q30
Q1173398,Q30
Q1173565,Q145
Q1173640,Q664
Q1174238,Q30
Q1174339,Q142
Q1174339,Q172579
Q1174351,Q31
Q1174446,
Q1174481,Q30
Q1174481,Q16
Q1174539,Q30
Q1174546,Q145
Q1174548,Q16
Q1174564,Q30
Q1174627,Q30
Q1174766,Q30
Q1174815,Q30
Q1175073,Q30
Q1175150,Q30
Q1175275,Q145
Q1175302,Q30
Q1175967,Q16
Q1176073,Q145
Q1176192,Q30
Q1176199,Q145
Q1176217,Q30
Q1176836,Q145
Q1176847,Q30
Q1176847,Q145
Q1176950,Q30
Q1177006,Q30
Q1177114,Q30
Q1177138,Q30
Q1177322,Q30
Q1181085,Q30
Q1181143,Q30
Q1185232,Q30
Q1185444,Q736
Q1185834,Q17
Q1187562,Q29
Q1189056,Q30
Q1189280,Q30
Q1190579,Q30
Q1190926,Q30
Q1191104,Q145
Q1191104,Q174193
Q1191142,Q17
Q1191315,Q30
Q1191514,Q17
Q1192277,Q30
Q1192885,Q30
Q1193106,Q30
Q1193270,Q17
Q1193270,Q188712
Q1193871,Q30
Q1196609,Q17
Q1197320,Q17
Q1199836,Q30
Q1206866,Q17
Q1207120,Q17
Q1207132,Q30
Q1207530,Q17
Q1208781,Q145
Q1208954,Q30
Q1208990,Q30
Q1208993,Q30
Q1210536,Q142
Q1213039,Q28
Q1215270,Q142
Q1215607,Q30
Q1215723,Q38
Q1216039,Q155
Q1217640,Q683
Q1221489,Q142
Q1221893,Q30
Q1225086,Q30
Q1225937,Q31
Q1226282,Q30
Q1228133,Q30
Q1230637,Q30
Q1230705,Q142
Q1230753,Q30
Q1230809,Q30
Q1230809,Q408
Q1230982,Q29
Q1231493,Q174193
Q1233018,Q145
Q1234248,Q142
Q1235215,Q30
Q1235251,Q172579
Q1235251,Q209857
Q1236131,Q142
Q1236772,Q30
Q1237807,Q142
Q1237856,Q142
Q1237904,Q334
Q1238198,Q142
Q1238565,Q179876
Q1238567,Q142
Q1238574,Q142
Q1238584,Q142
Q1238593,Q142
Q1238593,Q31
Q1238602,Q142
Q1238618,Q31
Q1238669,Q142
Q1238811,Q30
Q1239077,Q16
Q1239116,Q183
Q1239670,Q30
Q1239670,Q27
Q1239670,Q16
Q1239798,Q30
Q1240267,Q30
Q1240467,Q30
Q1240486,Q30
Q1240552,Q17
Q1240552,Q188712
Q1241451,Q79
Q1241759,Q30
Q1241759,Q38
Q1242472,Q174193
Q1242613,Q30
Q1242948,Q30
Q1243147,Q145
Q1243368,Q38
Q1243368,Q172579
Q1243441,Q30
Q1243973,Q145
Q1245105,Q30
Q1245232,Q30
Q1245508,Q172579
Q1245984,Q142
Q1246353,Q30
Q1246814,Q30
Q1246921,Q30
Q1248054,Q30
Q1248648,Q183
Q1249485,Q145
Q1251800,Q30
Q1251926,Q30
Q1251971,Q218
Q1252469,Q145
Q1252469,Q174193
Q1252645,Q145
Q1253264,Q15180
Q1253264,Q230
Q1253923,Q224
Q1253923,Q83286
Q1256957,Q30
Q1258235,Q30
Q1258959,Q30
Q1259446,Q17
Q1259713,Q145
Q1259713,Q174193
Q1261117,Q1206012
Q1262212,Q12560
Q1262216,Q30
Q1264643,Q30
Q1266083,Q30
Q1267116,Q408
Q1268311,Q30
Q1268581,Q30
Q1269275,Q30
Q1269550,Q34266
Q1270441,Q174193
Q1270441,Q31747
Q1270673,Q174193
Q1272457,Q17
Q1272457,Q188712
Q1273517,Q30
Q1273533,Q30
Q1275257,Q83286
Q1275257,Q28513
Q1275257,Q191077
Q1276490,Q30
Q1276720,Q174193
Q1276843,Q403
Q1277237,Q142
Q1277467,Q30
Q1277641,Q27
Q1277983,Q30
Q1277990,Q30
Q1278407,Q145
Q1278677,Q145
Q1280035,Q30
Q1280205,Q408
Q1281119,Q30
Q1281196,Q30
Q1281196,Q664
Q1281738,Q30
Q1282338,Q30
Q1282471,Q30
Q1282826,Q183
Q1283557,Q145
Q1283560,Q16
Q1284085,Q30
Q1285184,Q16
Q1285419,Q30
Q1285562,Q145
Q1285600,Q30
Q1285626,Q30
Q1286138,Q145
Q1287502,Q29
Q1287768,Q30
Q1288644,Q174193
Q1288774,Q29999
Q1289140,Q174193
Q1289151,Q30
Q1291185,Q414
Q1292004,Q30
Q1292012,Q30
Q1292087,Q27
Q1292087,Q30
Q1292166,Q30
Q1292432,Q30
Q1292826,Q30
Q1293447,Q30
Q1293611,Q145
Q1293611,Q174193
Q1293793,Q30
Q1293795,Q30
Q1294088,Q30
Q1294553,Q30
Q1297391,Q183
Q1298183,Q30
Q1300112,Q174193
Q1303498,Q408
Q1303988,Q30
Q1304934,Q183
Q1305870,Q189
Q1307719,Q30
Q1308340,Q17
Q1308730,Q174193
Q1308730,Q170072
Q1309970,Q142
Q1311305,Q29
Q1312287,Q16
Q1315386,Q790
Q1315862,Q28
Q1315862,Q218
Q1316586,Q28
Q1316719,Q30
Q1317964,Q30
Q1318617,Q30
Q1319237,Q17
Q1319237,Q188712
Q1319539,Q30
Q1320146,Q30
Q1320489,Q30
Q1320567,Q28
Q1322301,Q17
Q1322301,Q188712
Q1322851,Q145
Q1324172,Q77
Q1324800,Q30
Q1324816,Q145
Q1324878,Q30
Q1325374,Q17
Q1325821,Q142
Q1326764,Q30
Q1330299,Q30
Q1330663,Q168651
Q1330663,Q27306
Q1330663,Q153943
Q1331219,Q174193
Q1331244,Q145
Q1331252,Q30
Q1332098,Q145
Q1332098,Q30
Q1332266,Q30
Q1332944,Q30
Q1333841,Q664
Q1333848,Q30
Q1334139,Q30
Q1334139,Q15180
Q1334230,Q145
Q1334281,Q414
Q1334326,Q414
Q1334536,Q145
Q1335032,Q29
Q1335454,Q17
Q1335686,Q30
Q1336654,Q30
Q1337482,Q17
Q1337504,Q30
Q1338016,Q17
Q1338062,Q30
Q1338209,Q142
Q1338416,Q142
Q1338671,Q183
Q1338671,Q16957
Q1338846,Q16
Q1339252,Q17
Q1339252,Q188712
Q1339265,Q17
Q1339265,Q188712
Q1339944,Q17
Q1340511,Q244
Q1340586,Q16
Q1340595,Q408
Q1340677,Q30
Q1341654,Q145
Q1342082,Q79
Q1342895,Q142
Q1343486,Q145
Q1343486,Q30
Q1343550,Q17
Q1343804,Q145
Q1343944,Q414
Q1343973,Q419
Q1344032,Q298
Q1344078,Q30
Q1344217,Q30
Q1344250,Q145
Q1344451,Q17
Q1344451,Q188712
Q1344495,Q30
Q1344686,Q145
Q1345080,Q29
Q1345227,Q17
Q1345227,Q188712
Q1346126,Q30
Q1346664,Q155
Q1346678,Q145
Q1346691,Q30
Q1346885,Q17
Q1346885,Q188712
Q1346976,Q27
Q1346976,Q30
Q1347163,Q30
Q1347232,Q30
Q1347301,Q30
Q1347607,Q408
Q1348138,Q30
Q1348153,Q27
Q1348334,Q142
Q1348713,Q17
Q1348768,Q155
Q1349027,Q30
Q1349144,Q30
Q1349245,Q30
Q1349276,Q30
Q1349297,Q30
Q1349663,Q15180
Q1350599,Q145
Q1351191,Q408
Q1351304,Q30
Q1351447,Q30
Q1351464,Q30
Q1351554,Q30
Q1351819,Q30
Q1352236,Q30
Q1352305,Q145
Q1353673,Q30
Q1353956,Q30
Q1354130,Q30
Q1354247,Q30
Q1354608,Q30
Q1356059,Q30
Q1356200,Q30
Q1356259,Q145
Q1356259,Q174193
Q1356272,Q30
Q1356427,Q30
Q1356435,Q30
Q1356499,Q142
Q1356507,Q30
Q1357524,Q30
Q1359140,Q174193
Q1360009,Q30
Q1360721,Q30
Q1361931,Q145
Q1362244,Q34
Q1362244,Q33
Q1362359,Q142
Q1363121,Q145
Q1363572,Q664
Q1363756,Q842794
Q1363756,Q203493
Q1363814,Q145
Q1363814,Q174193
Q1363986,Q408
Q1364100,Q30
Q1364205,Q30
Q1366068,Q17
Q1366068,Q188712
Q1366693,Q12560
Q1366693,Q43
Q1366759,Q145
Q1367133,Q145
Q1367624,Q145
Q1367995,Q30
Q1367996,Q145
Q1368134,Q30
Q1368527,Q30
Q1369013,Q756617
Q1369211,Q17
Q1369224,Q30
Q1369254,Q30
Q1369803,Q30
Q1370880,Q29
Q1371108,Q30
Q1371154,Q30
Q1371409,Q30
Q1371628,Q717
Q1372703,Q30
Q1372850,Q30
Q1372851,Q183
Q1372851,Q16957
Q1372993,Q145
Q1373060,Q30
Q1373183,Q79
Q1373235,Q794
Q1374243,Q30
Q1374400,Q30
Q1374829,Q30
Q1375319,Q29999
Q1375319,Q30
Q1377013,Q30
Q1377923,Q30
Q1378188,Q30
Q1378375,Q145
Q1378641,Q17
Q1378641,Q188712
Q1379189,Q30
Q1379443,Q16
Q1379791,Q756617
Q1380960,Q145
Q1380960,Q174193
Q1381427,Q29
Q1381627,Q17
Q1381627,Q188712
Q1381985,Q30
Q1382720,Q145
Q1382720,Q174193
Q1383270,Q30
Q1383270,Q145
Q1383662,Q142
Q1383799,Q145
Q1384133,Q34
Q1384905,Q17
Q1385478,Q142
Q1385598,Q17
Q1385614,Q17
Q1385758,Q174193
Q1385758,Q145
Q1386705,Q30
Q1386967,Q29
Q1387224,Q145
Q1387642,Q17
Q1387643,Q30
Q1389731,Q30
Q1390604,Q145
Q1391196,Q30
Q1391927,Q145
Q1392021,Q145
Q1392121,Q155
Q1392250,Q16
Q1392415,Q145
Q1393036,Q142
Q1393069,Q142
Q1393111,Q794
Q1393388,Q142
Q1393443,Q142
Q1393517,Q142
Q1393749,Q29
Q1393935,Q414
Q1394609,Q30
Q1394747,Q33
Q1394747,Q62633
Q1395092,Q20
Q1395161,Q419
Q1395379,Q29
Q1395538,Q30
Q1395688,Q17
Q1395770,Q30
Q1395866,Q155
Q1395915,Q30
Q1396074,Q142
Q1396387,Q30
Q1396654,Q30
Q1396664,Q17
Q1396763,Q30
Q1396764,Q17
Q1397159,Q30
Q1397305,Q30
Q1397543,Q17
Q1397543,Q188712
Q1397660,Q233
Q1397722,Q174193
Q1398498,Q27
Q1398751,Q30
Q1398786,Q20
Q1399133,Q142
Q1399160,Q30
Q1399272,Q30
Q1399341,Q794
Q1399502,Q142
Q1399637,Q419
Q1400307,Q30
Q1402991,Q30
Q1403035,Q183
Q1404768,Q155
Q1405032,Q17
Q1405032,Q188712
Q1405996,Q174193
Q1405996,Q30
Q1406489,Q30
Q1407898,Q30
Q1408025,Q30
Q1408040,Q30
Q1409320,Q183
Q1409570,Q30
Q1409989,Q17
Q1410240,Q736
Q1412142,Q30
Q1413561,Q30
Q1416142,Q30
Q1417672,Q145
Q1417699,Q30
Q1418536,Q16
Q1419656,Q30
Q1419759,Q30
Q1420273,Q145
Q1422252,Q17
Q1422430,Q183
Q1422563,Q145
Q1434265,Q668
Q1434539,Q39
Q1434616,Q145
Q1434925,Q30
Q1435287,Q142
Q1437441,Q408
Q1439360,Q174193
Q1439406,Q183
Q1440732,Q17
Q1440732,Q188712
Q1440805,Q16
Q1441447,Q155
Q1441798,Q145
Q1441798,Q174193
Q1441997,Q96
Q1442249,Q96
Q1443018,Q30
Q1443070,Q16
Q1443099,Q30
Q1443129,Q30
Q1443787,Q30
Q1444002,Q30
Q1444221,Q183
Q1444297,Q30
Q1444345,Q30
Q1444495,Q30
Q1445190,Q142
Q1445580,Q33946
Q1445641,Q34
Q1446393,Q739
Q1446683,Q30
Q1448642,Q17
Q1448642,Q188712
Q1448930,Q30
Q1449113,Q40
Q1449422,Q15180
Q1449422,Q159
Q1452295,Q30
Q1452749,Q30
Q1452794,Q30
Q1452807,Q30
Q1452813,Q30
Q1452818,Q174193
Q1453258,Q34
Q1453423,Q17
Q1453544,Q17
Q1453687,Q30
Q1453743,Q30
Q1456366,Q27306
Q1456539,Q183
Q1457862,Q17
Q1458319,Q30
Q1458612,Q30
Q1460605,Q183
Q1465790,Q17
Q1468771,Q30
Q1468786,Q16
Q1469672,Q1206012
Q1470827,Q183
Q1473365,Q17
Q1473365,Q188712
Q1474002,Q17
Q1474002,Q188712
Q1475238,Q17
Q1475238,Q188712
Q1475327,Q34
Q1475826,Q30
Q1477082,Q183
Q1477082,Q16957
Q1477910,Q17
Q1477910,Q188712
Q1479296,Q30
Q1480556,Q17
Q1481362,Q408
Q1483872,Q664
Q1487925,Q142
Q1489518,Q1033
Q1490388,Q145
Q1490603,Q183
Q1490603,Q1206012
Q1491217,Q16
Q1493271,Q30
Q1494824,Q30
Q1495313,Q172579
Q1496335,Q142
Q1496441,Q145
Q1496463,Q38
Q1496570,Q16
Q1497733,Q183
Q1499302,Q142
Q1502441,Q183
Q1502891,Q145
Q1505328,Q145
Q1506319,Q17
Q1506837,Q30
Q1506962,Q30
Q1506997,Q145
Q1507305,Q16
Q1507366,Q30
Q1507770,Q30
Q1508039,Q30
Q1508054,Q174193
Q1508054,Q161885
Q1508382,Q30
Q1508545,Q30
Q1508785,Q790
Q1508877,Q142
Q1509017,Q145
Q1509108,Q142
Q1509898,Q27
Q1510036,Q30
Q1515266,Q30
Q1515450,Q183
Q1515618,Q39
Q1515710,Q39
Q1518033,Q30
Q1518051,Q142
Q1518400,Q17
Q1518400,Q188712
Q1521073,Q30
Q1521332,Q810
Q1522366,Q30
Q1522742,Q30
Q1524017,Q142
Q1524029,Q30
Q1524218,Q183
Q1524574,Q17
Q1524574,Q188712
Q1524648,Q20
Q1524828,Q145
Q1526851,Q183
Q1529940,Q30
Q1529940,Q801
Q1530365,Q145
Q1530365,Q174193
Q1530410,Q174193
Q1530473,Q30
Q1530559,Q159
Q1530559,Q15180
Q1530913,Q408
Q1532067,Q30
Q1532656,Q30
Q1534323,Q17
Q1534323,Q188712
Q1536854,Q17
Q1536854,Q188712
Q1536860,Q17
Q1536860,Q188712
Q1540592,Q30
Q1541271,Q30
Q1543221,Q30
Q1544898,Q30
Q1544958,Q30
Q1545030,Q30
Q1545386,Q30
Q1546178,Q145
Q1553867,Q30
Q1555435,Q30
Q1555931,Q30
Q1556811,Q739
Q1559438,Q161885
Q1561296,Q403
Q1561616,Q145
Q1562225,Q236
Q1562897,Q403
Q1563125,Q30
Q1563351,Q30
Q1563821,Q145
Q1563964,Q145
Q1563964,Q174193
Q1567034,Q30
Q1567518,Q30
Q1567518,Q183
Q1567739,
Q1568679,Q668
Q1568679,Q129286
Q1568679,Q1775277
Q1568956,Q27
Q1570571,Q29
Q1571552,Q213
Q1571850,Q142
Q1573270,Q170468
Q1573270,Q79
Q1573454,Q30
Q1574176,Q142
Q1575073,Q30
Q1578894,Q183
Q1584576,Q40
Q1584951,Q30
Q1585832,Q30
Q1585875,Q30
Q1585984,Q414
Q1586159,Q30
Q1586250,Q79
Q1586451,Q30
Q1586611,Q30
Q1588385,Q30
Q1592436,Q145
Q1593961,Q954
Q1594680,Q30
Q1595809,Q17
Q1595809,Q188712
Q1598125,Q30
Q1601829,Q30
Q1601880,Q77
Q1601998,Q40
Q1602297,Q183
Q1604549,Q30
Q1606343,Q183
Q1606714,Q145
Q1606880,Q30
Q1607063,Q30
Q1607236,Q30
Q1608527,Q218
Q1609112,Q30
Q1612773,Q30
Q1613614,Q183
Q1615369,Q30
Q1615734,Q17
Q1615734,Q188712
Q1617184,Q77
Q1617365,Q17
Q1618607,Q30
Q1619374,Q30
Q1620007,Q142
Q1620148,Q17
Q1620233,Q31
Q1620306,Q17
Q1620313,Q17
Q1620636,Q17
Q1620971,Q30
Q1621314,Q30
Q1621326,Q142
Q1621598,Q30
Q1622795,Q30
Q1623364,Q30
Q1626025,Q30
Q1627461,Q30
Q1627887,Q16
Q1627887,Q30
Q1628278,Q30
Q1629792,Q145
Q1631799,Q16
Q1633025,Q30
Q1633338,Q30
Q1633343,Q142
Q1633343,Q31
Q1634009,Q145
Q1634191,Q30
Q1634842,Q30
Q1634870,Q29
Q1635435,Q252
Q1635919,Q30
Q1636074,Q142
Q1637205,Q145
Q1639201,Q30
Q1639223,Q145
Q1642211,Q30
Q1642740,Q161885
Q1642740,Q174193
Q1642918,Q142
Q1643790,Q414
Q1643790,Q38
Q1643790,Q172579
Q1645179,Q30
Q1647133,Q222
Q1647940,Q17
Q1647940,Q188712
Q1648047,Q414
Q1648830,Q30
Q1648986,Q142
Q1649511,Q30
Q1652128,Q155
Q1653062,Q145
Q1655990,Q30
Q1656572,Q183
Q1657241,Q29
Q1657847,Q159
Q1657847,Q15180
Q1659012,
Q1659739,Q16
Q1660170,Q145
Q1660382,Q30
Q1662872,Q30
Q1663385,Q30
Q1669437,Q30
Q1669902,Q30
Q1670229,Q17
Q1670229,Q188712
Q1671867,Q145
Q1671870,Q96
Q1672502,Q30
Q1673149,Q183
Q1673532,Q30
Q1673604,Q30
Q1673745,Q17
Q1673745,Q188712
Q1675392,Q17
Q1675392,Q188712
Q1675840,Q145
Q1675840,Q15180
Q1675887,Q145
Q1675887,Q174193
