dataset,variable,H_stat,p_value,effect_size_eta2,n_obs,n_groups
politician,birth_hdi,27081.97206253869,0.0,0.0704495058344747,384365,5
basketball_player,birth_hdi,308.1050218526977,1.7520108795538285e-66,0.00848338723349639,35969,4
film_director,birth_hdi,354.55172121043944,1.5419546322176554e-76,0.015623826550395068,22505,4
football_player,birth_hdi,2329.455978326059,0.0,0.009956695703087722,233562,5
cricketer,birth_hdi,3044.4470469703147,0.0,0.11137567917717572,27312,4
writer,birth_hdi,6158.154731681087,0.0,0.028539683871732727,215640,5
politician,birth_hdi,27081.97206253869,0.0,0.0704495058344747,384365,5
basketball_player,birth_hdi,308.1050218526977,1.7520108795538285e-66,0.00848338723349639,35969,4
film_director,birth_hdi,354.55172121043944,1.5419546322176554e-76,0.015623826550395068,22505,4
football_player,birth_hdi,2329.455978326059,0.0,0.009956695703087722,233562,5
cricketer,birth_hdi,3044.4470469703147,0.0,0.11137567917717572,27312,4
writer,birth_hdi,6158.154731681087,0.0,0.028539683871732727,215640,5
politician,birth_hdi,27081.97206253869,0.0,0.0704495058344747,384365,5
basketball_player,birth_hdi,308.1050218526977,1.7520108795538285e-66,0.00848338723349639,35969,4
film_director,birth_hdi,354.55172121043944,1.5419546322176554e-76,0.015623826550395068,22505,4
football_player,birth_hdi,2329.455978326059,0.0,0.009956695703087722,233562,5
cricketer,birth_hdi,3044.4470469703147,0.0,0.11137567917717572,27312,4
writer,birth_hdi,6158.154731681087,0.0,0.028539683871732727,215640,5
politician,birth_hdi,27081.97206253869,0.0,0.0704495058344747,384365,5
basketball_player,birth_hdi,308.1050218526977,1.7520108795538285e-66,0.00848338723349639,35969,4
film_director,birth_hdi,354.55172121043944,1.5419546322176554e-76,0.015623826550395068,22505,4
football_player,birth_hdi,2329.455978326059,0.0,0.009956695703087722,233562,5
cricketer,birth_hdi,3044.4470469703147,0.0,0.11137567917717572,27312,4
writer,birth_hdi,6158.154731681087,0.0,0.028539683871732727,215640,5
politician,birth_hdi,27081.97206253869,0.0,0.0704495058344747,384365,5
basketball_player,birth_hdi,308.1050218526977,1.7520108795538285e-66,0.00848338723349639,35969,4
film_director,birth_hdi,354.55172121043944,1.5419546322176554e-76,0.015623826550395068,22505,4
football_player,birth_hdi,2329.455978326059,0.0,0.009956695703087722,233562,5
cricketer,birth_hdi,3044.4470469703147,0.0,0.11137567917717572,27312,4
writer,birth_hdi,6158.154731681087,0.0,0.028539683871732727,215640,5
politician,birth_hdi,27081.97206253869,0.0,0.0704495058344747,384365,5
basketball_player,birth_hdi,308.1050218526977,1.7520108795538285e-66,0.00848338723349639,35969,4
film_director,birth_hdi,354.55172121043944,1.5419546322176554e-76,0.015623826550395068,22505,4
football_player,birth_hdi,2329.455978326059,0.0,0.009956695703087722,233562,5
cricketer,birth_hdi,3044.4470469703147,0.0,0.11137567917717572,27312,4
writer,birth_hdi,6158.154731681087,0.0,0.028539683871732727,215640,5
politician,birth_hdi,27081.97206253869,0.0,0.0704495058344747,384365,5
basketball_player,birth_hdi,308.1050218526977,1.7520108795538285e-66,0.00848338723349639,35969,4
film_director,birth_hdi,354.55172121043944,1.5419546322176554e-76,0.015623826550395068,22505,4
football_player,birth_hdi,2329.455978326059,0.0,0.009956695703087722,233562,5
cricketer,birth_hdi,3044.4470469703147,0.0,0.11137567917717572,27312,4
writer,birth_hdi,6158.154731681087,0.0,0.028539683871732727,215640,5
