qid,label,intersection,head_intersection,pareto_claims,total_claims
Q106020065,,Eastern Europe_Generation Alpha,,0,7
Q107160089,Delayno P. Martin,Northern America_Generation Alpha,,0,6
Q110744,Gerda Munsinger,Others_Silent Generation,,1,19
Q125536291,Norma Vorster,Southern Africa_Silent Generation,,0,13
Q130361268,Syakira Humaira,South-eastern Asia_Generation Alpha,,0,11
Q135484163,Joan Anderson,Australia and New Zealand_Greatest Generation,,0,12
Q15882992,Toto Koopman,South-eastern Asia_Greatest Generation,,1,43
Q16140463,Riam Pessayanavin,South-eastern Asia_Greatest Generation,,0,13
Q16592882,Christine Yufon,Eastern Asia_Greatest Generation,,0,12
Q16599549,Marian Patricia Esquivel McKeown,Central America_Silent Generation,,0,13
Q17633072,Glenda Reyna,Central America_Baby Boomers,,1,18
Q18162229,Arabella Árbenz,Central America_Silent Generation,,1,23
Q18890526,Naşide Saffet Esen,Western Asia_Greatest Generation,,0,17
Q19561378,Mariya Markina,Others_Baby Boomers,,0,8
Q19664269,Whitney Shikongo,Middle Africa_Generation Z,,0,13
Q20395914,Sally Shahine,Northern Africa_Generation X,,1,22
Q21019585,Matsushima Emiko,Eastern Asia_Pre-Greatest Generation,,0,12
Q2273463,Reita Faria,Southern Asia_Silent Generation,,0,17
Q23932789,Rose Lindsay,Australia and New Zealand_Pre-Greatest Generation,,1,31
Q2438193,Carole Crawford,Caribbean_Silent Generation,,0,17
Q2626164,Penelope Coelen,Southern Africa_Silent Generation,,1,22
Q27061529,Gbenro Ajibade,Western Africa_Baby Boomers,,0,15
Q2825714,Afef Jnifen,Northern Africa_Baby Boomers,,1,26
Q28534053,Lauriela Martins,Middle Africa_Generation Z,,0,11
Q285536,Imelda Marcos,South-eastern Asia_Silent Generation,,1,121
Q2965781,Christiane Lillio,Northern Africa_Baby Boomers,,0,13
Q3107810,Gisèle Charbit,Northern Africa_Silent Generation,,0,15
Q3265096,Luce Auger,South-eastern Asia_Silent Generation,,0,16
Q3626527,Santiago De Martino,Southern Europe_Generation Alpha,,1,20
Q3780309,Günseli Başar,Western Asia_Silent Generation,,0,17
Q3796491,Ilma Urrutia,Central America_Baby Boomers,,0,14
Q3869283,Marite Ozers,Others_Silent Generation,,0,16
Q4205854,Slavitza Jovan,Others_Baby Boomers,,1,34
Q434534,Ana Paula dos Santos,Middle Africa_Baby Boomers,,1,19
Q434602,Martine Beswick,Caribbean_Silent Generation,,1,57
Q44979759,Anastasiya Pavlovna Knyazeva,Others_Generation Alpha,,1,18
Q4528419,Yelena Shchapova,Others_Baby Boomers,,1,31
Q468418,Filiz Akın,Western Asia_Silent Generation,,1,58
Q4858922,Barbara Goalen,South-eastern Asia_Greatest Generation,,1,20
Q51120233,Amilna Estevão,Middle Africa_Generation Z,,0,12
Q5210905,Dalia Elbeheri,Northern Africa_Generation X,,1,31
Q5401208,Esther James,Australia and New Zealand_Pre-Greatest Generation,,1,27
Q5893975,Helvia Martínez Verdayes,Central America_Greatest Generation,,0,10
Q5991173,Iffat Rahim,Southern Asia_Greatest Generation,,0,13
Q6033140,Ingrid Boulting,Southern Africa_Baby Boomers,,1,30
Q6069118,Irene Malin,Middle Africa_Generation X,,0,10
Q6081215,Isis Finlay,Caribbean_Silent Generation,,0,12
Q608170,Helena Rojo,Central America_Silent Generation,,1,65
Q64610,Veruschka von Lehndorff,Others_Silent Generation,,1,88
Q6547732,Liliana Campos,Middle Africa_Generation X,,0,17
Q6774114,Marta Esther Rocafort Altuzarra,Caribbean_Greatest Generation,,1,23
Q7050143,Nora Picciotto,Northern Africa_Silent Generation,,1,22
Q7301983,Rebecca de Alba,Central America_Baby Boomers,,0,14
Q972146,Sylvie Parera,Northern Africa_Baby Boomers,,0,14
Q97675917,Julienne Honorine Eyenga Fouda,Middle Africa_Silent Generation,,0,16
