generation,mean_claims,median_claims,head_ratio,count
Baby Boomers,20.886872246696036,19.0,0.7061674008810572,34050
Greatest gen.,20.315164688179234,19.0,0.760909546898512,17943
Millennials,23.15716270139706,21.0,0.733505569662812,113023
Pre-Greatest gen.,19.910789172703012,19.0,0.7346549752192146,10492
Silent gen.,20.510815939278938,19.0,0.7334176681425258,23715
gen. Alpha,13.058823529411764,13.0,0.36764705882352944,136
gen. Beta,29.0,29.0,0.5,2
gen. X,24.41260415488444,22.0,0.7611695509557742,53046
gen. Z,16.813261773562488,14.0,0.49938545998320255,97634
