birth_unm49,mean_claims,median_claims,head_ratio,count
Australia & NZ,24.094027441485068,22.0,0.9642857142857143,4956
Caribbean,24.506089309878213,19.0,0.8349120433017592,739
Central America,18.446175078864353,16.0,0.8838722397476341,5072
Central Asia,20.277561608300907,16.0,0.7250324254215305,771
E. Africa,22.275820170109355,17.0,0.8226002430133658,823
E. Europe,24.17684987135373,20.0,0.8829163954245327,32259
Eastern Asia,22.988694852941176,19.0,0.8477941176470588,10880
Mid. Africa,20.03030303030303,17.0,0.7554112554112554,462
N. Africa,25.055526176626124,20.0,0.8503437334743522,1891
N. America,25.286908205905313,20.0,0.9366303898608623,43554
N. Europe,30.814227440814303,26.0,0.9367542221036178,26231
S. Africa,24.072243346007603,18.0,0.826362484157161,789
S. America,18.32345710958727,16.0,0.7514555569931427,15458
S. Asia,18.0030291057553,15.0,0.6525747398920058,7593
S. Europe,23.976899696048633,20.0,0.8968804991201408,31255
SE Asia,14.173193204722143,9.0,0.38482579902101927,13892
W. Africa,20.408294142796066,17.0,0.7764001710132535,2339
W. Asia,21.862292426083435,18.0,0.8212501687592818,7407
W. Europe,24.999268359601256,21.0,0.9398835472365332,65606
