Intersection,Coefficient,Count
Southern Asia_male_Generation Z,-2.4715877891037885,1143
South-eastern Asia_male_Generation Z,-2.238252021898332,1311
South-eastern Asia_female_Generation Z,-2.0218267666290126,105
Southern Asia_male_Millennials,-1.7243852915979572,2854
Southern Africa_male_Baby Boomers,-1.6400314026067486,338
Southern Asia_male_Generation X,-1.5007426574679692,1091
Southern Asia_male_Baby Boomers,-1.2914081912718507,565
Northern Africa_male_Generation Z,-1.265704786907678,605
South-eastern Asia_female_Millennials,-1.1834975762245623,122
Western Asia_male_Generation Z,-1.1614819995616985,3797
Southern Asia_female_Generation Z,-1.1238851734230513,116
Southern Africa_male_Generation Z,-1.112281422894375,316
Caribbean_male_Silent Generation,-1.0773651577881647,133
Southern Africa_male_Greatest Generation,-0.9935309763783481,232
Southern Asia_female_Millennials,-0.9772122370601366,220
Caribbean_male_Baby Boomers,-0.9745077738224557,319
Eastern Africa_male_Generation Z,-0.9134583030155318,308
Australia and New Zealand_male_Baby Boomers,-0.8960142533021352,831
Caribbean_male_Pre-Greatest Generation,-0.8542216064739492,88
Southern Asia_male_Silent Generation,-0.8398328690218341,438
Western Asia_female_Generation Z,-0.8348453275108169,293
South America_female_Generation Z,-0.8026804089326157,394
Southern Africa_male_Silent Generation,-0.7945023717723299,298
Southern Africa_male_Generation X,-0.7230353037669491,637
Eastern Europe_male_Baby Boomers,-0.6914284550279698,3895
Caribbean_male_Generation Z,-0.6750980077991864,310
Southern Africa_male_Pre-Greatest Generation,-0.6581067296635341,202
Southern Africa_female_Generation Z,-0.6549504934885877,47
Eastern Africa_female_Generation Z,-0.6549504913662278,47
South-eastern Asia_male_Millennials,-0.6370579609741588,2703
Eastern Europe_male_Silent Generation,-0.6129198968063622,2669
Western Asia_male_Baby Boomers,-0.5982603943410586,1168
Western Africa_male_Generation Z,-0.5581882393299479,1890
Central America_female_Millennials,-0.5451483463668045,145
Southern Africa_male_Millennials,-0.5368138646091039,1179
Eastern Europe_male_Greatest Generation,-0.5080802749723953,1797
South-eastern Asia_male_Baby Boomers,-0.4807080981723936,218
Northern Africa_male_Baby Boomers,-0.46935282899089104,502
Central America_male_Baby Boomers,-0.4632980502485555,571
Central America_male_Generation Z,-0.44110609888067537,1153
Northern Africa_male_Millennials,-0.4321313329241234,1703
Australia and New Zealand_male_Generation X,-0.40882378803045166,1095
Caribbean_male_Greatest Generation,-0.3971213820641257,114
Southern Asia_female_Generation X,-0.37203755867134874,76
Eastern Africa_male_Millennials,-0.35208225062186693,504
Australia and New Zealand_male_Generation Z,-0.3502569580986255,632
Caribbean_male_Generation X,-0.34819006467264674,419
Middle Africa_female_Generation Z,-0.3354278130587893,46
Australia and New Zealand_male_Silent Generation,-0.32463810563740186,784
South America_male_Generation Z,-0.299365465791344,6644
South-eastern Asia_male_Generation X,-0.28424303150296565,613
Caribbean_female_Generation Z,-0.2692880105542371,63
Eastern Asia_male_Generation X,-0.26737900863040925,2286
Northern Africa_female_Millennials,-0.24808580290363672,69
Eastern Europe_female_Generation Z,-0.2421191957622564,411
Western Asia_male_Silent Generation,-0.23903596738372443,556
Eastern Europe_female_Generation X,-0.23658198126252317,383
South America_male_Baby Boomers,-0.18233375885218647,2577
Others_male_Baby Boomers,-0.178899010826558,521
Northern Africa_male_Generation X,-0.15688568010737322,716
Western Asia_female_Millennials,-0.13991620040664618,285
Northern Africa_male_Silent Generation,-0.13162722458770307,314
Southern Europe_male_Pre-Greatest Generation,-0.12666400611715223,973
Middle Africa_male_Generation Z,-0.11394401316293358,368
Others_male_Generation Z,-0.09521635627954514,396
South America_male_Silent Generation,-0.0938262558399223,1865
Western Asia_male_Generation X,-0.09066179773144094,2049
Central Asia_male_Generation Z,-0.08488528755644985,495
Eastern Asia_female_Millennials,-0.07501286694732634,448
Eastern Europe_male_Generation Z,-0.04312679475052885,5764
Central America_male_Silent Generation,-0.03135777142403306,341
Western Africa_female_Generation Z,-0.01428926556050878,161
Central America_female_Generation Z,-0.006923746086746846,174
Southern Europe_male_Generation Z,-0.005982277351400551,7650
Northern Europe_male_Pre-Greatest Generation,-0.002630415971985742,9104
Eastern Europe_male_Generation X,-0.0014321172619262957,6208
Others_male_Silent Generation,-0.0013057537825274434,428
Central America_male_Generation X,0.0,981
Others_female_Baby Boomers,0.0,42
Others_female_Generation X,0.0,91
Others_female_Generation Z,0.0,63
Australia and New Zealand_female_Silent Generation,0.0,44
South-eastern Asia_male_Greatest Generation,0.0,52
Western Europe_female_Silent Generation,0.0,45
Central Asia_male_Baby Boomers,0.0,126
Western Europe_female_Baby Boomers,0.0,223
Others_male_Pre-Greatest Generation,0.0,53
Caribbean_female_Generation X,0.0,48
Caribbean_female_Millennials,0.0,104
South America_female_Baby Boomers,0.0,38
South America_male_Pre-Greatest Generation,0.0,339
South America_female_Generation X,0.0,106
South America_female_Millennials,0.0,451
Caribbean_male_Millennials,0.0,893
Western Asia_male_Greatest Generation,0.0,130
Central America_male_Greatest Generation,0.0,121
Southern Asia_male_Greatest Generation,0.0,230
Northern America_female_Silent Generation,0.0,39
Australia and New Zealand_female_Generation Z,0.0,276
Middle Africa_female_Millennials,0.0,85
Middle Africa_male_Baby Boomers,0.0,79
Middle Africa_male_Generation X,0.0,328
Western Asia_female_Generation X,0.0,52
Northern Africa_female_Generation Z,0.0,47
Northern Africa_male_Greatest Generation,0.0,136
Eastern Asia_male_Baby Boomers,0.0,536
Northern America_female_Baby Boomers,0.0,168
Western Africa_male_Silent Generation,0.0,85
Southern Africa_female_Millennials,0.0,93
Eastern Africa_male_Generation X,0.0,101
South-eastern Asia_male_Silent Generation,0.0,92
Western Africa_female_Generation X,0.0,58
Southern Europe_female_Silent Generation,0.0,56
Eastern Asia_female_Baby Boomers,0.0,38
Northern Europe_female_Baby Boomers,0.0,194
Southern Europe_female_Baby Boomers,0.0,225
Northern Europe_female_Generation Z,0.0,800
South-eastern Asia_male_Pre-Greatest Generation,0.0,54
Eastern Asia_female_Generation X,0.0,213
Eastern Asia_female_Generation Z,0.0,304
Northern Europe_female_Greatest Generation,0.0,41
Western Europe_male_Pre-Greatest Generation,0.019754824812305203,1092
Central America_male_Millennials,0.03239980011716692,2319
Eastern Asia_male_Silent Generation,0.03504045301227842,174
Western Europe_male_Greatest Generation,0.04570405793361453,2019
Western Africa_female_Millennials,0.06128450068465998,216
Central Asia_male_Generation X,0.08359025817105295,246
Eastern Asia_male_Generation Z,0.09632217584229187,2912
Eastern Europe_male_Pre-Greatest Generation,0.10128983855347978,460
Northern Europe_male_Generation Z,0.10365390584834473,5992
Eastern Europe_female_Millennials,0.11543434261751803,838
Western Africa_male_Baby Boomers,0.12097908759418344,147
Northern Europe_male_Greatest Generation,0.1352376859659042,6243
Southern Europe_female_Generation Z,0.1455448475575612,928
Western Europe_male_Silent Generation,0.15209012442159575,3177
Western Asia_male_Millennials,0.16450760079948512,5229
Australia and New Zealand_female_Generation X,0.16920584045928572,188
Western Europe_male_Baby Boomers,0.18883526094958716,4362
Eastern Europe_female_Baby Boomers,0.21483953931980038,210
Northern Europe_female_Silent Generation,0.2254082312818594,95
Southern Asia_male_Pre-Greatest Generation,0.2294650319774937,198
Northern America_female_Generation Z,0.24109306997259294,1000
South America_male_Greatest Generation,0.27303627676796455,1089
Middle Africa_male_Millennials,0.27474874245971787,755
Eastern Asia_male_Millennials,0.2808297523855859,5367
Eastern Europe_female_Silent Generation,0.28980816188495173,85
Western Europe_female_Generation X,0.2903972360304334,402
Eastern Asia_male_Greatest Generation,0.2931808428387265,93
Western Africa_male_Millennials,0.298759964345624,2819
Australia and New Zealand_male_Millennials,0.2996117366938613,1208
Others_male_Generation X,0.30196053048144494,984
Northern Europe_female_Generation X,0.3356091151461427,378
Western Europe_female_Generation Z,0.3712574030729544,1336
Western Europe_male_Generation Z,0.38544426882644334,7663
South America_male_Generation X,0.4068271087275317,5420
Western Africa_male_Generation X,0.44485933336891764,797
Central Asia_male_Millennials,0.46760369567940857,506
Australia and New Zealand_male_Greatest Generation,0.46796986845318095,922
Southern Europe_male_Greatest Generation,0.5149682348163342,3761
Southern Europe_female_Millennials,0.5275543653608733,1163
Southern Europe_male_Baby Boomers,0.5406540632892396,4514
Northern America_male_Generation Z,0.5509180481245051,3923
Others_female_Millennials,0.5809323771855855,170
Australia and New Zealand_female_Millennials,0.5946562409477144,486
Southern Europe_male_Silent Generation,0.5994198281056572,3559
Northern Europe_male_Silent Generation,0.6071294669997861,6113
Others_male_Greatest Generation,0.6156058672592323,227
Southern Europe_female_Generation X,0.6290650167919575,470
Northern Europe_male_Baby Boomers,0.6537410877133273,6483
Northern Europe_female_Millennials,0.6606108586164482,935
Western Europe_male_Generation X,0.6842529904859902,5578
South America_male_Millennials,0.6988537725898039,13219
Northern America_female_Generation X,0.7016215145843155,647
Southern Europe_male_Generation X,0.7054083011320612,7108
Australia and New Zealand_male_Pre-Greatest Generation,0.7230374075958873,1456
Eastern Europe_male_Millennials,0.9397507653890063,8984
Western Europe_female_Millennials,0.973123951590182,1375
Northern Europe_male_Generation X,0.9818515895735443,7783
Others_male_Millennials,1.0284704664671855,1116
Northern America_male_Pre-Greatest Generation,1.0428983784119303,214
Northern America_female_Millennials,1.0584764083752742,1551
Southern Europe_male_Millennials,1.1327290924516424,12172
Western Europe_male_Millennials,1.3179042886612016,9785
Northern Europe_male_Millennials,1.3715438075330695,10026
Northern America_male_Millennials,2.4039648960117272,6466
Northern America_male_Generation X,2.452902132249624,3035
Northern America_male_Baby Boomers,2.6249650894330965,2397
Northern America_male_Greatest Generation,2.7209290823115944,1085
Northern America_male_Silent Generation,2.824430285379343,1631
