qid,label,total_claims,pareto_claims
Q104000,Lauren Bacall,303,1
Q104156816,Ivonne Cerdas,12,0
Q104638589,Gypsy Rhoumaje,25,1
Q110223104,Tina Carver,27,1
Q110968055,Muriel Finley,25,1
Q111593376,Jean Ackerman,25,1
Q112307,Lena Horne,213,1
Q112972265,Dorian Dennis,19,1
Q113611226,Geneva Duker,20,1
Q114065856,Alberta L. Harms,24,1
Q1250303,Dorothy Hart,55,1
Q12856714,Carolina Brid,14,0
Q130287863,Elena Hidalgo Ramírez,8,0
Q135188318,Annette Starr Bruce Hudson,19,1
Q13560281,Dorothy Ford,36,1
Q13560505,Helen Talbot,27,1
Q13561652,Jewel Flowers,12,0
Q13562574,Virginia Biddle,19,1
Q15106925,Mariluz Bermúdez,28,1
Q15109868,Maxine Powell,25,1
Q15142284,Fabiana Granados,15,0
Q151972,Josephine Baker,275,1
Q152779,Louise Brooks,136,1
Q16198684,Sara Bello,18,1
Q16221707,Giselle Bissot,13,0
Q164487,Ava Gardner,228,1
Q16728849,Raiza Erlenbaugh,10,0
Q167765,Mimi Weddell,39,1
Q17037428,Karina Ramos,14,0
Q17182464,Yomatzy Hazlewood,10,0
Q17385646,Aileen Bernal,12,0
Q1752678,Billie Dove,64,1
Q1809650,Dusty Anderson,37,1
Q189895,Jennifer Jones,136,1
Q19881705,Wanda McKay,40,1
Q20017275,Natasha Sibaja,9,0
Q2006274,Sheldry Sáez,20,1
Q201034,Lana Turner,171,1
Q2056561,Leonora Jiménez,10,0
Q20679344,Iva Stewart,32,1
Q20737533,Edna Lawrence,24,1
Q20764768,Brenda Castro,12,0
Q20973948,Janid,20,1
Q20979216,Gladys Brandao,14,0
Q20988924,Gloria Hatrick McLean,35,1
Q21066116,Diana Jaén,12,0
Q2112549,Iris Apfel,88,1
Q213122,Betty Ford,108,1
Q217033,Jane Russell,283,1
Q21932461,Carmen Jaramillo,17,0
Q22669704,Robin Chandler Duke,32,1
Q233852,Betty Grable,152,1
Q233854,Rosalind Russell,144,1
Q238081,Cicely Tyson,243,1
Q2403883,Hillary Brooke,65,1
Q241614,Rachel Smith,35,1
Q242729,Joan Blondell,124,1
Q2438254,Joan Caulfield,60,1
Q2467314,Georgia Carroll,47,1
Q248837,Susan Hayward,144,1
Q2504886,Liliana de Vries,21,1
Q251634,Nancy Kelly,77,1
Q26134366,Karin Booth,39,1
Q2617176,Boots Mallory,46,1
Q264011,Lizabeth Scott,83,1
Q265131,Lee Miller,190,1
Q2654574,Dorothy Abbott,39,1
Q2655862,Dorothy Dell,48,1
Q26709137,Carolina Rodriguez Duran,11,0
Q2676008,Gwen Lee,38,1
Q26837433,Alessandra Bueno,11,0
Q269926,Brenda Joyce,58,1
Q270426,Dorian Leigh,49,1
Q2709396,Rebel Randall,32,1
Q275414,Constance Dowling,64,1
Q275652,Louise Latham,59,1
Q275764,Ellen Drew,61,1
Q284946,Barbara Billingsley,70,1
Q286928,Priscilla Lawson,46,1
Q28934329,Gloria Lloyd,31,1
Q2918798,Ana Ibáñez,10,0
Q2957838,Charis Wilson,45,1
Q2962823,Cheryl Walker,41,1
Q30275506,Elena Correa,9,0
Q3037180,Dorothy Patrick,52,1
Q3083008,Veda Ann Borg,51,1
Q3175094,Jean Wallace,75,1
Q3190004,June Vincent,51,1
Q3296226,Mary Nolan,58,1
Q3372567,Paula Raymond,60,1
Q3381852,Phyllis Brooks,53,1
Q338302,Gale Robbins,59,1
Q342302,Acquanetta,49,1
Q354452,Adele Jergens,62,1
Q3617586,Anita Colby,37,1
Q3617943,Anne Gwynne,54,1
Q3638982,Bess Myerson,68,1
Q3639139,Bette Cooper,19,1
Q3706742,Diana Broce,14,0
Q3714380,Dorothy Hann,13,0
Q373895,Betty White,206,1
Q3749348,Frances Marie Burke,16,0
Q3784516,Helena Carter,50,1
Q3807641,Jean Bartel,36,1
Q3808151,Jessica Rodríguez,12,0
Q3808515,Jo-Carroll Dennison,37,1
Q3808574,Joanne Siegel,22,1
Q3808918,Johanna Solano,17,0
Q3816743,Florence Wysinger Allen,19,1
Q3847007,Margie Stewart,41,1
Q3847975,Marilyn Meseke,18,1
Q3869820,Nadege Herrera,13,0
Q3873483,Nazareth Cascante,11,0
Q3897698,Patricia Donnelly,18,1
Q3915268,Marguerite Chapman,67,1
Q3941410,Rose Coyle,17,0
Q3941460,Rosemary LaPlanche,47,1
Q3972329,Stefanie de Roux,26,1
Q3973154,Stephanie Vander Werf,14,0
Q4009782,Venus Ramey,23,1
Q40290330,Darelys Santos,9,0
Q40475,Joan Crawford,315,1
Q42745,Rita Hayworth,359,1
Q4283265,Trudy Marshall,44,1
Q4309887,Mary Sinclair,32,1
Q433532,Madge Evans,62,1
Q433727,Anna Karen Morrow,25,1
Q434129,Lola Albright,74,1
Q447345,Doris Eaton Travis,59,1
Q456803,Sidney Fox,71,1
Q457657,Elyse Knox,61,1
Q458228,Lucille Ricksen,36,1
Q460279,Ruth Ford,59,1
Q46060290,Génesis Arjona,7,0
Q463042,Mary Eaton,61,1
Q4739398,Amalia Matamoros,17,0
Q4778208,Anya Taranda,27,1
Q4778258,Anyolí Ábrego,17,0
Q4813186,Athalia Ponsell Lindsley,21,1
Q4850850,Bali Rodríguez,13,0
Q5106138,Chris Chase,40,1
Q5163531,Constance Ford,57,1
Q5222475,Dare Wright,36,1
Q525742,Cleo Moore,50,1
Q5298237,Dorothea Church,19,1
Q535012,Frances Bergen,62,1
Q535330,Edith Bouvier Beale,51,1
Q536670,Fay Lanphier,35,1
Q537290,Ruth Malcomson,23,1
Q54010033,Natalia Carvajal,19,1
Q5403107,Ethel Ernestine Harper,24,1
Q542828,Lois Delander,21,1
Q542880,Norma Smallwood,28,1
Q543198,Lili St. Cyr,51,1
Q543483,Marian Bergeron,22,1
Q543558,Henrietta Leaver,17,0
Q543602,Mary Katherine Campbell,33,1
Q543638,Margaret Gorman,27,1
Q543741,Maricely González,11,0
Q55356952,Rosa Montezuma,14,0
Q5549747,Geraldine Doyle,20,1
Q5563594,Giosue Cozzarelli,10,0
Q55719363,Amy Lo,21,1
Q558142,Ann Bonfoey Taylor,18,1
Q5929767,Jessica Umaña,10,0
Q6003107,Marva Wright,11,0
Q6004702,María Teresa Rodríguez,9,0
Q6069186,Irene Núñez,14,0
Q60983961,Frances Vorne,15,0
Q6160723,Verónica González,10,0
Q6163725,Virginia Hernández,13,0
Q6171530,Jean Spangler,23,1
Q61898,Bettie Page,97,1
Q6206148,Joanne Jordan,23,1
Q6369746,Karen Jordán,12,0
Q6380146,Kay Aldridge,45,1
Q6385285,Keity Mendieta,11,0
Q65163622,Peggy O'Neill,27,1
Q6551995,Linda Stirling,46,1
Q65941420,Paola Chacón,14,0
Q66103010,Lotka Leitner,28,1
Q6758940,Marelissa Him,13,0
Q6760362,Margia Dean,42,1
Q6778771,Mary Abbott,58,1
Q7097897,Ophelia DeVore,16,0
Q7188584,Phyllis Kennedy,40,1
Q7405215,Sally Mansfield,32,1
Q7495727,Shey Ling Him,12,0
Q7540593,Slim Keith,43,1
Q7563291,Sorangel Matos,12,0
Q7640687,Sunny Harnett,20,1
Q7650884,Suzanne Kaaren,51,1
Q7694145,Tedi Thurman,26,1
Q77324771,A. R. de Ycaza,19,1
Q7821340,Toni Seven,29,1
Q7982627,Wendy Cordero,11,0
Q7982777,Wendy Russell Reves,27,1
Q84232,Veronica Lake,117,1
Q86919563,Drucilla Strain,21,1
Q94002,Barbara Stanwyck,175,1
Q95019,Norma Shearer,149,1
Q95050,Paulette Goddard,154,1
Q95886164,Rosalie J. Downes Emrich,30,1
Q96989453,Lois Towles,43,1
