Variable,Coefficient
generation_Unknown,-2.3560654745787653
birth_unm49_Eastern Asia,-1.4022947907046803
generation_Millennials,-0.8079688394994051
birth_unm49_Southern Asia,-0.7857677807142651
generation_Generation Z,-0.7484974760016181
birth_unm49_South-eastern Asia,-0.70795300290199
birth_unm49_Western Asia,-0.6848994985395006
birth_unm49_Northern Africa,-0.5651505268288157
generation_Generation X,-0.3487336153100077
birth_unm49_South America,-0.23104917928005753
birth_unm49_Central Asia,-0.1621315896926221
birth_hdi_Low human development,-0.13158755003825348
birth_unm49_Southern Europe,-0.1203282300446515
birth_unm49_Middle Africa,-0.10866034523391366
birth_hdi_Medium human development,-0.08898806200778915
birth_unm49_Western Europe,-0.04699178836916214
birth_unm49_Eastern Africa,0.03033148957001966
birth_unm49_Northern Europe,0.06127389874967526
gender_male,0.11262164396204828
birth_unm49_Northern America,0.13246847645758533
birth_unm49_Central America,0.14188926564408863
birth_unm49_Caribbean,0.1556573778545543
birth_unm49_Eastern Europe,0.1708051655655696
birth_unm49_Southern Africa,0.396948041803403
birth_unm49_Western Africa,0.44154809254107313
birth_hdi_Very high human development,0.49661147568533043
generation_Silent Generation,0.5044241369684987
generation_Pre-Greatest Generation,0.5356313901581892
generation_Greatest Generation,0.562967182051558
gender_other,0.689542464632042
