generation,mean_claims,median_claims,head_ratio,count,head,long
Baby Boomers,25.740477338476374,20.0,0.7410800385728061,16592,12296,4296
Future/Unknown,8.0,8.0,0.0,1,0,1
Generation Alpha,23.558823529411764,22.0,0.7941176470588235,34,27,7
Generation X,24.236573055519607,19.0,0.7176782709977999,15454,11091,4363
Generation Z,20.969612403100776,17.0,0.6427906976744187,3225,2073,1152
Greatest Generation,25.574419920769667,19.0,0.7300509337860781,5301,3870,1431
Millennials,23.29874899575347,17.0,0.6649833582003902,8713,5794,2919
Pre-Greatest Generation,24.67097701149425,18.0,0.7058516196447231,7656,5404,2252
Silent Generation,29.12789880534083,21.0,0.7491215741391427,8538,6396,2142
Unknown,9.698342205323193,8.0,0.1572319391634981,32875,5169,27706
