dataset,variable,H_stat,p_value,effect_size_eta2,chi2_p_value,n_obs,n_groups
actor,birth_unm49,22748.12070277602,0.0,0.12452677175934095,0.0,182551,19
politician,birth_unm49,32401.752491082363,0.0,0.09632431324404694,0.0,336214,19
basketball_player,birth_unm49,4594.455645540782,0.0,0.12274254111682398,2.7078246624512488e-53,37304,19
film_director,birth_unm49,2049.3120279479517,0.0,0.10385561776920864,0.0,19578,19
football_player,birth_unm49,7784.509202817573,0.0,0.03199623124605562,0.0,242751,19
model,birth_unm49,1700.3542788684763,0.0,0.0835952436704833,4.7162441546341177e-197,20144,19
cricketer,birth_unm49,4745.136147309933,0.0,0.18801241241092465,0.0,25166,18
university_teacher,birth_unm49,5199.707820297657,0.0,0.03973732789590148,0.0,130418,19
writer,birth_unm49,12104.66881614416,0.0,0.06646029602582251,0.0,181882,19
musician,birth_unm49,3765.39925254734,0.0,0.0997736694945909,0.0,37578,19
